{
  "id": "102u8oe",
  "title": "Query Related to Attendance",
  "content": "Hey there. So apparently there is this CONSTITUTION online class every Saturday for an hour and i somehow manage to miss it. I was wondering how strict is the attendance taken for this course and also, i have missed like 4 classes already, how great of a danger i am in?",
  "metadata": {
    "author": "Hamhunter23",
    "url": "https://www.reddit.com/r/PESU/comments/102u8oe/query_related_to_attendance/",
    "permalink": "/r/PESU/comments/102u8oe/query_related_to_attendance/",
    "score": 7,
    "created_utc": 1672807605,
    "flair": "Ask a Senior :redditgold:",
    "nsfw": false,
    "type": "submission"
  },
  "comments": [
    {
      "id": "j2vpg23",
      "body": "No one attends it you'll be fine even if you don't attend the entire sem"
    },
    {
      "id": "j2vvob3",
      "body": "ah okay."
    },
    {
      "id": "j2wqjtl",
      "body": "Man you are one big dumb fuck. All you had to do was log in but you decide to skip that also. Shame"
    },
    {
      "id": "j2x5338",
      "body": "Nice"
    },
    {
      "id": "j30acaz",
      "body": "Guys who down voted me. Just so you know the dude asking the query is my bench mate and I was joking ya wankers"
    }
  ]
}