{
  "id": "103sk5p",
  "title": "Change of classes",
  "content": "I heard they are going to shuffle classes after 1st Sam. Is this true?? I heard this is happening only since last 2 year. I have mixed feeling about new class so yeah",
  "metadata": {
    "author": "adityabss",
    "url": "https://www.reddit.com/r/PESU/comments/103sk5p/change_of_classes/",
    "permalink": "/r/PESU/comments/103sk5p/change_of_classes/",
    "score": 3,
    "created_utc": 1672902716,
    "flair": "Ask a Senior :redditgold:",
    "nsfw": false,
    "type": "submission"
  },
  "comments": [
    {
      "id": "j30xmnt",
      "body": "Yes, it is true, they are going to shuffle classes after 1st sem."
    },
    {
      "id": "j3135hc",
      "body": "Do they shuffle on the basis of marks?"
    },
    {
      "id": "j31guu9",
      "body": "They shuffle the classes based on branch wise after 1st sem. Its alphabetical order wise within branch division."
    },
    {
      "id": "j31xd1n",
      "body": "No apparently they're gonna shuffle based on srn which will get generated soon for all freshers"
    },
    {
      "id": "j32jp7n",
      "body": "No, its based on SRN"
    }
  ]
}