{
  "id": "10430ft",
  "title": "What's the percentage equivalent of a certain grade point ? Can someone give an example as well ?",
  "content": "",
  "metadata": {
    "author": "Geekwalker374",
    "url": "https://www.reddit.com/r/PESU/comments/10430ft/whats_the_percentage_equivalent_of_a_certain/",
    "permalink": "/r/PESU/comments/10430ft/whats_the_percentage_equivalent_of_a_certain/",
    "score": 4,
    "created_utc": 1672935674,
    "flair": "Ask a Senior :redditgold:",
    "nsfw": false,
    "type": "submission"
  },
  "comments": [
    {
      "id": "j32jg62",
      "body": "No, hope this helps"
    },
    {
      "id": "j32k23h",
      "body": "No"
    },
    {
      "id": "j36mnyk",
      "body": "Theoretically for a GPA of x the percentage required to get that is somewhere between 10(x-1) and 10x\n\nexample: If you got 8.5 GPA then percentage is 75-85\n\nAs for how it is actually treated though is a different matter and I'm not sure about it."
    }
  ]
}