{
  "id": "104sp6b",
  "title": "hello i am in 2nd sem of btech in pes, just searching for partying and coding whatsApp groups of clgs to have some fun😃😃",
  "content": "[deleted]",
  "metadata": {
    "author": "[deleted]",
    "url": "",
    "permalink": "/r/PESU/comments/104sp6b/hello_i_am_in_2nd_sem_of_btech_in_pes_just/",
    "score": 0,
    "created_utc": 1673007234,
    "flair": "Ask a Senior :redditgold:",
    "nsfw": false,
    "type": "submission"
  },
  "comments": [
    {
      "id": "j36weok",
      "body": "2 hours ago you were in Christ  :vckek:  \nPeople can see your post history lmao"
    },
    {
      "id": "j372vcs",
      "body": "How did you get into 2nd sem without writing 1st-sem Endsem exam?"
    }
  ]
}