{
  "id": "106exo6",
  "title": "How do I login to the WiFi in the 13th Floor reading area in B Block ?",
  "content": "I am a fresher here. I tried logging in with my PESU account details but they didn't work. Where can I get the password from?",
  "metadata": {
    "author": "ProtectedPython69",
    "url": "https://www.reddit.com/r/PESU/comments/106exo6/how_do_i_login_to_the_wifi_in_the_13th_floor/",
    "permalink": "/r/PESU/comments/106exo6/how_do_i_login_to_the_wifi_in_the_13th_floor/",
    "score": 4,
    "created_utc": 1673169634,
    "flair": "Ask a Senior :redditgold:",
    "nsfw": false,
    "type": "submission"
  },
  "comments": [
    {
      "id": "j3g7c8f",
      "body": "Login to pesuacademy, it's given there, change the default password after logging in for the first time"
    },
    {
      "id": "j3gmroe",
      "body": "You mean we just use our PESU Academy login and password details? I tried that and it didn't work :( ."
    },
    {
      "id": "j3gnxqw",
      "body": "Noo, login to pesuacademy, the username and the password is given there"
    }
  ]
}