{
  "id": "106ia1t",
  "title": "Will classes be shuffled every semester?",
  "content": "One of the faculties told me that classes will be shuffled every semester. Is this true ?",
  "metadata": {
    "author": "ProtectedPython69",
    "url": "https://www.reddit.com/r/PESU/comments/106ia1t/will_classes_be_shuffled_every_semester/",
    "permalink": "/r/PESU/comments/106ia1t/will_classes_be_shuffled_every_semester/",
    "score": 6,
    "created_utc": 1673181487,
    "flair": "Ask a Senior :redditgold:",
    "nsfw": false,
    "type": "submission"
  },
  "comments": [
    {
      "id": "j3gxdnz",
      "body": "Refer my [Answer](https://www.reddit.com/r/PESU/comments/103sk5p/comment/j30xmnt/?utm_source=share&utm_medium=web2x&context=3)"
    }
  ]
}