{
  "id": "107h82k",
  "title": "Has anybody ever had their grades reduced after giving the ESA papers for re-evaluation",
  "content": "",
  "metadata": {
    "author": "apple_fish333",
    "url": "https://www.reddit.com/r/PESU/comments/107h82k/has_anybody_ever_had_their_grades_reduced_after/",
    "permalink": "/r/PESU/comments/107h82k/has_anybody_ever_had_their_grades_reduced_after/",
    "score": 14,
    "created_utc": 1673278223,
    "flair": "Study Help :table:",
    "nsfw": false,
    "type": "submission"
  },
  "comments": [
    {
      "id": "j3mgdrh",
      "body": "Nah that doesn't happen lmao. Either your grade improves and you get a refund*, or your grade stays the same and they keep your money. \n\n*They're very slow with refunds - takes almost half a semester to refund your money."
    }
  ]
}