{
  "id": "108an8n",
  "title": "Do teachers normally cut marks for assignment or just give 2 marks to everyone?",
  "content": "",
  "metadata": {
    "author": "Sea_Mail_2026",
    "url": "https://www.reddit.com/r/PESU/comments/108an8n/do_teachers_normally_cut_marks_for_assignment_or/",
    "permalink": "/r/PESU/comments/108an8n/do_teachers_normally_cut_marks_for_assignment_or/",
    "score": 4,
    "created_utc": 1673359549,
    "flair": "Discussion :snoo_shrug:",
    "nsfw": false,
    "type": "submission"
  },
  "comments": [
    {
      "id": "j3r23tq",
      "body": "depemds on teacher"
    }
  ]
}