{
  "id": "109xbqq",
  "title": "ISA marks",
  "content": "Do ISA marks really matter?",
  "metadata": {
    "author": "Singwithme0",
    "url": "https://www.reddit.com/r/PESU/comments/109xbqq/isa_marks/",
    "permalink": "/r/PESU/comments/109xbqq/isa_marks/",
    "score": 8,
    "created_utc": 1673522479,
    "flair": "Pride Of PESU",
    "nsfw": false,
    "type": "submission"
  },
  "comments": [
    {
      "id": "j416nu7",
      "body": "Trust me it is. Do well in isa and boost your marks. ESA are gonna be tough"
    }
  ]
}