{
  "id": "10a03gy",
  "title": "Do self learning components actually show up in exams?",
  "content": "",
  "metadata": {
    "author": "Totally_for_academic",
    "url": "https://www.reddit.com/r/PESU/comments/10a03gy/do_self_learning_components_actually_show_up_in/",
    "permalink": "/r/PESU/comments/10a03gy/do_self_learning_components_actually_show_up_in/",
    "score": 3,
    "created_utc": 1673531376,
    "flair": "Study Help :table:",
    "nsfw": false,
    "type": "submission"
  },
  "comments": [
    {
      "id": "j41frtf",
      "body": "Yes"
    }
  ]
}