{
  "id": "10a5ni8",
  "title": "Anyone in Pes University Bangalore ?? DM me",
  "content": "",
  "metadata": {
    "author": "Historical_Bit1870",
    "url": "https://www.reddit.com/r/PESU/comments/10a5ni8/anyone_in_pes_university_bangalore_dm_me/",
    "permalink": "/r/PESU/comments/10a5ni8/anyone_in_pes_university_bangalore_dm_me/",
    "score": 2,
    "created_utc": 1673545452,
    "flair": "Ask a Senior :redditgold:",
    "nsfw": false,
    "type": "submission"
  },
  "comments": [
    {
      "id": "j427uin",
      "body": "Why?"
    }
  ]
}