{
  "id": "10b65qv",
  "title": "Students never get to see corrected answer sheets?",
  "content": "Is there any way of seeing the corrected answer scripts? And not just the ones where a teacher has signed on a page to indicate it has been corrected.",
  "metadata": {
    "author": "Emotional-Fishing-31",
    "url": "https://www.reddit.com/r/PESU/comments/10b65qv/students_never_get_to_see_corrected_answer_sheets/",
    "permalink": "/r/PESU/comments/10b65qv/students_never_get_to_see_corrected_answer_sheets/",
    "score": 7,
    "created_utc": 1673645443,
    "flair": "Ask a Senior :redditgold:",
    "nsfw": false,
    "type": "submission"
  },
  "comments": [
    {
      "id": "j49wis3",
      "body": "Nope as far as I know. The only way to see ESA answer scripts is to raise a request on the portal and also pay money for it, and even then you'll be given access for a limited time only (X number of hours)."
    },
    {
      "id": "j49z62i",
      "body": "100 rupees for 1 subject ig"
    },
    {
      "id": "j4aj2i2",
      "body": "Thanks."
    },
    {
      "id": "j4aj33x",
      "body": "Thanks."
    }
  ]
}