{
  "id": "10o1cvc",
  "title": "How to activate MATLAB with college email id ?",
  "content": "",
  "metadata": {
    "author": "Geekwalker374",
    "url": "https://www.reddit.com/r/PESU/comments/10o1cvc/how_to_activate_matlab_with_college_email_id/",
    "permalink": "/r/PESU/comments/10o1cvc/how_to_activate_matlab_with_college_email_id/",
    "score": 2,
    "created_utc": 1674975160,
    "flair": "Ask a Senior :redditgold:",
    "nsfw": false,
    "type": "submission"
  },
  "comments": [
    {
      "id": "j6c7o7y",
      "body": "Go to mathworks.com and install matlab app\n\nWhen you install it, it will ask for login, give your pesu academy login. It will send a verification code to pesu email id. Use that and complete the installation"
    },
    {
      "id": "j6cwnmt",
      "body": "You will get a mail, regarding that.   \nHaven't u got it?"
    }
  ]
}