{
  "id": "114q9xl",
  "title": "ASSIGNMENT MARKS",
  "content": "I had submitted my Python assignment 1 is a blue book which got misplaced as a reason I had submitted the assignment 2 in a new blue book,now I have got 2/5 in assignment category\nShould I inform this to the teacher?",
  "metadata": {
    "author": "Yagnikanna_123",
    "url": "https://www.reddit.com/r/PESU/comments/114q9xl/assignment_marks/",
    "permalink": "/r/PESU/comments/114q9xl/assignment_marks/",
    "score": 2,
    "created_utc": 1676650240,
    "flair": "Discussion :snoo_shrug:",
    "nsfw": false,
    "type": "submission"
  },
  "comments": [
    {
      "id": "j8ztmyk",
      "body": "I don't really think that this subreddit will be able to help you with such things. You should contact your professor and figure out what happened. \n\nRemember that people on this thread are students like you or recent graduates. Answers to very specific cases like yours or answers requiring knowledge of things that isn't public is not to be expected from the people here :)"
    }
  ]
}