{
  "id": "11kvkjn",
  "title": "How much is scholarship amount of DAC",
  "content": "",
  "metadata": {
    "author": "Fallen_Rosemary",
    "url": "https://www.reddit.com/r/PESU/comments/11kvkjn/how_much_is_scholarship_amount_of_dac/",
    "permalink": "/r/PESU/comments/11kvkjn/how_much_is_scholarship_amount_of_dac/",
    "score": 4,
    "created_utc": 1678184752,
    "flair": "Pride Of PESU",
    "nsfw": false,
    "type": "submission"
  },
  "comments": [
    {
      "id": "jb96d3x",
      "body": "5k"
    },
    {
      "id": "jb9gfqr",
      "body": "For a year? So it's 2.5k per semester?"
    },
    {
      "id": "jb9hwhr",
      "body": "What's DAC"
    },
    {
      "id": "jb9obj1",
      "body": "No...I guess it's per sem. In my first sem, I got a cheque for 5k because my sgpa was 7.55+."
    },
    {
      "id": "jb9vbcn",
      "body": "1k"
    },
    {
      "id": "jb9zw19",
      "body": "1k"
    },
    {
      "id": "jb9zzqx",
      "body": "But it might have changed now"
    }
  ]
}