{
  "id": "12661gb",
  "title": "PESSAT preparation for B.Sc Psych",
  "content": "Hello, I've registered for pessat and since the syllabus for psych is different from that for B. Tech I have no idea where to start for my preparation. Can anyone guide me in this matter",
  "metadata": {
    "author": "Ghostly_Passerby",
    "url": "https://www.reddit.com/r/PESU/comments/12661gb/pessat_preparation_for_bsc_psych/",
    "permalink": "/r/PESU/comments/12661gb/pessat_preparation_for_bsc_psych/",
    "score": 5,
    "created_utc": 1680136393,
    "flair": "PESSAT",
    "nsfw": false,
    "type": "submission"
  },
  "comments": [
    {
      "id": "je8fptg",
      "body": "I am also preparing for the pessat where are u from"
    },
    {
      "id": "je8u753",
      "body": "Refer the pes website for the portions and prepare accordingly, the portions for psych pessat is different than B.Tech pessat"
    }
  ]
}