{
  "id": "12igzkn",
  "title": "Information about scholarship for CET students",
  "content": "Fellow senior PESticides,\n\nCan the CET students who have not paid the optional fees to participate in the scholarship, pay for the following years and get scholarship or are we done for good?\n\nNowhere in the circular sent to us does it say that we can not pay for the following years but Udoshi sir in EC campus is saying we are not eligible.",
  "metadata": {
    "author": "ApprehensiveElk8927",
    "url": "https://www.reddit.com/r/PESU/comments/12igzkn/information_about_scholarship_for_cet_students/",
    "permalink": "/r/PESU/comments/12igzkn/information_about_scholarship_for_cet_students/",
    "score": 8,
    "created_utc": 1681213049,
    "flair": "Ask a Senior :redditgold:",
    "nsfw": false,
    "type": "submission"
  },
  "comments": [
    {
      "id": "jftdd7s",
      "body": "If you have got then give your details and don't tell anyone..\n\nI would have done this if I were you..\n\n\\*I HAVE NOT CLUE ABOUT ELIGIBILITY\\*"
    },
    {
      "id": "jfte0sd",
      "body": "Haha I've done that but they're going to verify if we've paid or not so ig I won't get🫡"
    },
    {
      "id": "jftrwur",
      "body": "Hope for the best"
    },
    {
      "id": "jfv23cy",
      "body": "If you have not paid the scholarship fees as a part of your total fees, you will only receive a certificate(and not money). You can pay the scholarship fees from next sem, that's what Asha ma'am from the EC campus told us in class."
    },
    {
      "id": "jfzidbw",
      "body": "Small tip. Don’t give away so much information about yourself on Reddit"
    },
    {
      "id": "jfzqy75",
      "body": "Yessir"
    },
    {
      "id": "jg42egk",
      "body": "Smart. I hope your username isn’t your real name cause I might know who you are. \n\nTrust me, you never want another Redditor to know you in person"
    },
    {
      "id": "jg7jmsy",
      "body": "Pesticides 😂😂"
    }
  ]
}