{
  "id": "13o3ryl",
  "title": "pessat",
  "content": "how many people write pessat, will there be a surge in applicants this year?",
  "metadata": {
    "author": "waveks",
    "url": "https://www.reddit.com/r/PESU/comments/13o3ryl/pessat/",
    "permalink": "/r/PESU/comments/13o3ryl/pessat/",
    "score": 3,
    "created_utc": 1684696965,
    "flair": "PESSAT",
    "nsfw": false,
    "type": "submission"
  },
  "comments": [
    {
      "id": "jl4u8ku",
      "body": "Fees has been increased so I doubt most people would even go through with the admission."
    }
  ]
}