{
  "id": "13zacm0",
  "title": "PES UNIV cutoff and placements",
  "content": "[deleted]",
  "metadata": {
    "author": "[deleted]",
    "url": "",
    "permalink": "/r/PESU/comments/13zacm0/pes_univ_cutoff_and_placements/",
    "score": 4,
    "created_utc": 1685792757,
    "flair": "Ask a Senior :redditgold:",
    "nsfw": false,
    "type": "submission"
  },
  "comments": [
    {
      "id": "jmqtuz6",
      "body": "17.99lpa...hell no,from whichever document I've seen the average is a lot closer to maybe 10-11 and that's only if you consider cse"
    },
    {
      "id": "jmqup8c",
      "body": "There is a sheet attached on this subreddit that contains the stats of the 2023 batch placements. I think the average will be around 12-13, the median being around the same."
    },
    {
      "id": "jn3j5hm",
      "body": "From what I've seen in different sheets and documents, Average might be close to 11-12 LPA while median around 8."
    }
  ]
}