{
  "id": "1442dof",
  "title": "Non karnataka cse rank required in pes main campus",
  "content": "[removed]",
  "metadata": {
    "author": "[deleted]",
    "url": "",
    "permalink": "/r/PESU/comments/1442dof/non_karnataka_cse_rank_required_in_pes_main_campus/",
    "score": 1,
    "created_utc": 1686209099,
    "flair": "Ask a Senior :redditgold:",
    "nsfw": false,
    "type": "submission"
  },
  "comments": [
    {
      "id": "jnd7a5j",
      "body": "Unlikely in RR, likely in ECC later rounds"
    },
    {
      "id": "jnd7xvr",
      "body": "Bro can you tell me if I can get Ecc Ece at 7.8k?"
    },
    {
      "id": "jnd87ol",
      "body": "I'm not sure tbh, since there has been changes in intake compared to earlier batch. But for our batch ECE was not possible with 7.8k"
    },
    {
      "id": "jnd8eq1",
      "body": "Damn man do you have the cut off thingie?"
    },
    {
      "id": "jnd8po0",
      "body": "This is for previous year:  \nhttps://imgur.com/Pc9mhUK"
    },
    {
      "id": "jnd9cur",
      "body": "Bro it literally says 6.9k here🗿💀"
    },
    {
      "id": "jnd9liy",
      "body": "That's for KCET"
    },
    {
      "id": "jnda7qs",
      "body": "[https://www.reddit.com/r/PESU/comments/14431x7/megathread\\_pessat\\_results\\_2023\\_discussions\\_and/?utm\\_source=share&utm\\_medium=web2x&context=3](https://www.reddit.com/r/PESU/comments/14431x7/megathread_pessat_results_2023_discussions_and/?utm_source=share&utm_medium=web2x&context=3)\n\n&#x200B;\n\nUse this thread to discuss PESSAT :)"
    }
  ]
}