{
  "id": "oadxgf",
  "title": "Ideas to make this Sub-Reddit Active?",
  "content": "Drop in your ideas and let's see if we can increase activity here!!",
  "metadata": {
    "author": "raj_klns_83",
    "url": "https://www.reddit.com/r/PESU/comments/oadxgf/ideas_to_make_this_subreddit_active/",
    "permalink": "/r/PESU/comments/oadxgf/ideas_to_make_this_subreddit_active/",
    "score": 8,
    "created_utc": 1624990475,
    "flair": "REQUEST",
    "nsfw": false,
    "type": "submission"
  },
  "comments": [
    {
      "id": "h3h7m2g",
      "body": "I am guessing we publicise this sub through other mediums. Because we have a lot of nerds weebs noobs gamers memers in our college that could use one another."
    },
    {
      "id": "h3j0t36",
      "body": "make instagram meme page admins post memes here along with instagram"
    },
    {
      "id": "h3jjj6j",
      "body": "Yea this would work"
    },
    {
      "id": "h3jopz2",
      "body": "i have reached out to few, maybe you guys can also ask around"
    },
    {
      "id": "h3k626f",
      "body": "Revive Chilly Chipotle"
    },
    {
      "id": "h3k7ory",
      "body": "We are back\n\nWith another name"
    },
    {
      "id": "h3keavq",
      "body": "Kekw"
    }
  ]
}