{
  "id": "ogsl55",
  "title": "[deleted by user]",
  "content": "[removed]",
  "metadata": {
    "author": "[deleted]",
    "url": "https://www.reddit.com/r/PESU/comments/ogsl55/deleted_by_user/",
    "permalink": "/r/PESU/comments/ogsl55/deleted_by_user/",
    "score": 5,
    "created_utc": 1625825527,
    "flair": null,
    "nsfw": false,
    "type": "submission"
  },
  "comments": [
    {
      "id": "h4kvi2c",
      "body": "I'm in 3rd yr"
    },
    {
      "id": "h4kvqhj",
      "body": "No problem dude was just asking for it cause I thought I might get study material there xD"
    },
    {
      "id": "h4l8bt4",
      "body": "High hopes😂"
    },
    {
      "id": "h4lto3z",
      "body": "Send pls, even I don't have xD"
    }
  ]
}