{
  "id": "ogumee",
  "title": "People sitting for placements should take note of this. If you know someone who is trying for on campus offers send them this because MuSigma had conducted placement tests last year @ PESU",
  "content": "",
  "metadata": {
    "author": "disbwoidabs",
    "url": "/r/bangalore/comments/ognpgl/musigma_the_it_company_which_is_trapping_freshers/",
    "permalink": "/r/PESU/comments/ogumee/people_sitting_for_placements_should_take_note_of/",
    "score": 20,
    "created_utc": 1625834045,
    "flair": "Discussion :snoo_shrug:",
    "nsfw": false,
    "type": "submission"
  },
  "comments": [
    {
      "id": "h4lwiyk",
      "body": "Don't worry all the redditors of the Pes do not expect placements anyways."
    },
    {
      "id": "h4m4l2y",
      "body": "Lol"
    }
  ]
}