{
  "id": "ok7kwv",
  "title": "AskReddit but for PESU",
  "content": "To the people who attended one year of college from home, what’s the best and whats the worst thing?? (Apart from the obvious i.e. offline ESAs)",
  "metadata": {
    "author": "AlmightyCar3461",
    "url": "https://www.reddit.com/r/PESU/comments/ok7kwv/askreddit_but_for_pesu/",
    "permalink": "/r/PESU/comments/ok7kwv/askreddit_but_for_pesu/",
    "score": 8,
    "created_utc": 1626279025,
    "flair": "Discussion :snoo_shrug:",
    "nsfw": false,
    "type": "submission"
  },
  "comments": [
    {
      "id": "h562xnb",
      "body": "Best thing\nYou can literally play games while minimising classes\nWorst thing\nWriting offline exams after that lmao"
    },
    {
      "id": "h5638ei",
      "body": "I mean i get the point of writing offline exams. But i feel the worst thing about this generation of college goers is the lack of making memories in college, like my brother tells me about all the fun he had in college and i cant get any of that cuz of covid and i doubt itll get better near the end. And it is even worse for the 1st years (soon to be second years)"
    },
    {
      "id": "h56m4z2",
      "body": "Best : You get to do whatever you want anytime of the day, attendance is no longer an issue.\n\nWorst : Expect a fuck ton of useless work within unreasonable deadlines."
    },
    {
      "id": "h57hj7j",
      "body": "Lmao i get it! But also bear in mind that since all submissions are online copying assignments has never been easier"
    },
    {
      "id": "h58k1eb",
      "body": "Getting caught and penalised by plagiarism checkers has never been easier too"
    }
  ]
}