{
  "id": "okkuj4",
  "title": "Assistance regarding PESSAT",
  "content": "Hey! I'm a fellow candidate who is taking up the PESSAT entrance exam this year . Any tips by you seniors regarding what to study in these last moments would be appreciated. The format is \n\n180 minutes\n40 questions CHEMISTRY\n60 questions MATHEMATICS\n60 questions PHYSICS\n20 questions ENGLISH \n\nThanks !",
  "metadata": {
    "author": "asphytheghoul",
    "url": "https://www.reddit.com/r/PESU/comments/okkuj4/assistance_regarding_pessat/",
    "permalink": "/r/PESU/comments/okkuj4/assistance_regarding_pessat/",
    "score": 3,
    "created_utc": 1626321346,
    "flair": "Discussion :snoo_shrug:",
    "nsfw": false,
    "type": "submission"
  },
  "comments": [
    {
      "id": "h58y772",
      "body": "Go through all necessary formulas once and keep them at your fingertips. Directly applying them will save time rather than trying to get it from a general formula. Especially in maths\n\nGood luck!"
    },
    {
      "id": "h58yhts",
      "body": "Thank you so much!!"
    },
    {
      "id": "h58yivk",
      "body": "Agreed, thank you very much!"
    },
    {
      "id": "h5d6em1",
      "body": "Is there anyone who's going for lateral entry?"
    },
    {
      "id": "h80t4aa",
      "body": "theres no negative marking tho"
    }
  ]
}