{
  "id": "olbmld",
  "title": "Pessat question",
  "content": "Sorry to ask sm about pessat... In the pes website it says pessat will be based on class 11  nd 12 cbse questions...does tht mean solving ncert would be sufficient to get a good rank.....will the questions be directly or with small changes frm ncert or will the questions be harder to solve? Thanks in advance",
  "metadata": {
    "author": "Manishc03",
    "url": "https://www.reddit.com/r/PESU/comments/olbmld/pessat_question/",
    "permalink": "/r/PESU/comments/olbmld/pessat_question/",
    "score": 7,
    "created_utc": 1626418993,
    "flair": "Discussion :snoo_shrug:",
    "nsfw": false,
    "type": "submission"
  },
  "comments": [
    {
      "id": "h5de13o",
      "body": "Hi, \nNCERT is the base of what they'll test you on, but it's not close to enough. I guess JEE Mains would be the level you should prepare on. \nAll the best!"
    },
    {
      "id": "h5debhr",
      "body": "Ohk thanks a lot bud!!"
    },
    {
      "id": "h5dfppj",
      "body": "Your JEE/CET prep would be more than enough. Doubtful that NCERT would suffice"
    },
    {
      "id": "h6yl45a",
      "body": "Mains stuff will do, but pessat is based on luck aswell because of relative ranking, your rank will mainly depend on how well others have done on the day you gave the exam."
    }
  ]
}