{
  "id": "ouf5pd",
  "title": "Hey Guys!, please assign a flair for yourself for this subreddit.. It helps with the credibility of the answers and makes answers/discussions accurate and helps the OP to get the desired discussion/answer",
  "content": "",
  "metadata": {
    "author": "[deleted]",
    "url": "https://i.redd.it/rc7y3czdlae71.png",
    "permalink": "/r/PESU/comments/ouf5pd/hey_guys_please_assign_a_flair_for_yourself_for/",
    "score": 9,
    "created_utc": 1627625870,
    "flair": "ANNOUNCEMENT :snoo:",
    "nsfw": false,
    "type": "submission"
  },
  "comments": [
    {
      "id": "h72iygg",
      "body": "Test."
    },
    {
      "id": "h72jaub",
      "body": "If you could allow editing or flair variables, we can mix and match to assign our dept.s and year together. Rn it's one or the other."
    },
    {
      "id": "h72jt35",
      "body": "Alright :)"
    }
  ]
}