{
  "id": "ouivx7",
  "title": "PESU subreddit Awards!",
  "content": "[removed]",
  "metadata": {
    "author": "[deleted]",
    "url": "https://www.reddit.com/r/PESU/comments/ouivx7/pesu_subreddit_awards/",
    "permalink": "/r/PESU/comments/ouivx7/pesu_subreddit_awards/",
    "score": 14,
    "created_utc": 1627644888,
    "flair": "ANNOUNCEMENT :snoo:",
    "nsfw": false,
    "type": "submission"
  },
  "comments": [
    {
      "id": "h72lso5",
      "body": "500 - Certified PESant"
    },
    {
      "id": "h72mqvp",
      "body": "MReDdit scholarship"
    },
    {
      "id": "h730il3",
      "body": "Not for the awards but for the members- PiR3ubans"
    },
    {
      "id": "h73m01v",
      "body": "PESticide for 2k"
    },
    {
      "id": "h744of1",
      "body": "Distinction, CNR Rao, MRD. In that order."
    },
    {
      "id": "h745v1a",
      "body": "2000- PESU SURVIVOR\n\n1000- PESt of PESU\n\n500- PRIDE OF PESU"
    },
    {
      "id": "h75vfha",
      "body": "Hey... Then it's just like real life!"
    }
  ]
}