{
  "id": "owwimt",
  "title": "Random Poll",
  "content": "[removed]\n\n[View Poll](https://www.reddit.com/poll/owwimt)",
  "metadata": {
    "author": "[deleted]",
    "url": "https://www.reddit.com/r/PESU/comments/owwimt/random_poll/",
    "permalink": "/r/PESU/comments/owwimt/random_poll/",
    "score": 4,
    "created_utc": 1627967467,
    "flair": "Discussion :snoo_shrug:",
    "nsfw": false,
    "type": "submission"
  },
  "comments": [
    {
      "id": "h7k9cns",
      "body": "*Online if less fees."
    },
    {
      "id": "h7mx96h",
      "body": "Lmaooooo like that's ever gonna happen"
    }
  ]
}