{
  "id": "oyoi0a",
  "title": "Pessat2021",
  "content": "So its been a week since pessat for b.tech started. How was your paper, what happened as you expected and what didnt?",
  "metadata": {
    "author": "Any_Lead3",
    "url": "https://www.reddit.com/r/PESU/comments/oyoi0a/pessat2021/",
    "permalink": "/r/PESU/comments/oyoi0a/pessat2021/",
    "score": 6,
    "created_utc": 1628187948,
    "flair": "Discussion :snoo_shrug:",
    "nsfw": false,
    "type": "submission"
  },
  "comments": [
    {
      "id": "h85260x",
      "body": "Yh"
    }
  ]
}