{
  "id": "p08ieo",
  "title": "Summarize PESU in one line",
  "content": "[removed]",
  "metadata": {
    "author": "[deleted]",
    "url": "https://www.reddit.com/r/PESU/comments/p08ieo/summarize_pesu_in_one_line/",
    "permalink": "/r/PESU/comments/p08ieo/summarize_pesu_in_one_line/",
    "score": 12,
    "created_utc": 1628398678,
    "flair": "Discussion :snoo_shrug:",
    "nsfw": false,
    "type": "submission"
  },
  "comments": [
    {
      "id": "h852oht",
      "body": "If you ever feel you are stupid, just look at the decisions PES takes"
    },
    {
      "id": "h8536ej",
      "body": "R\\*pe but with consent. (and you pay 3.2L for it)"
    },
    {
      "id": "h854dx9",
      "body": "Wanna go back to the time before counselling and slap myself"
    },
    {
      "id": "h856nbx",
      "body": "Payments Ensuring Students' Unemployment."
    },
    {
      "id": "h85azyj",
      "body": "If the cover is good doesn't mean that the book can't be rotten from inside"
    },
    {
      "id": "h85bq87",
      "body": "good at giving choices, bad at making decisions"
    },
    {
      "id": "h85mlon",
      "body": "Wow. Unanimously bad responses *internally proud*"
    },
    {
      "id": "h86doat",
      "body": "The H in PESU stands for happiness\n\n>!Big F for all the people researching about PES for admissions and reading this post!<"
    },
    {
      "id": "h86pt4x",
      "body": "PES : Prison for Engineering Students"
    },
    {
      "id": "hb68ran",
      "body": "Ma chudi padi hai"
    }
  ]
}