{
  "id": "p28an8",
  "title": "PESU Starter Pack",
  "content": "[removed]",
  "metadata": {
    "author": "[deleted]",
    "url": "https://www.reddit.com/r/PESU/comments/p28an8/pesu_starter_pack/",
    "permalink": "/r/PESU/comments/p28an8/pesu_starter_pack/",
    "score": 9,
    "created_utc": 1628667277,
    "flair": "Discussion :snoo_shrug:",
    "nsfw": false,
    "type": "submission"
  },
  "comments": [
    {
      "id": "h8ifmcy",
      "body": "85% attendance, campus under construction, endless assignments"
    },
    {
      "id": "h8jiwcz",
      "body": "Dust Mask, some Oxygen cos B Block ain't got any ventilation and patience."
    },
    {
      "id": "h8kc3nk",
      "body": "Campus has never not been under construction..."
    }
  ]
}