{
  "id": "pajitw",
  "title": "Should I Join ECE in Main Campus",
  "content": "Hello I am getting ECE in Main Campus so should I join that as my only other option is CCE in Manipal main campus. The only thing that matters to me are the internships and the placements so which one do you suggest I join?",
  "metadata": {
    "author": "BarRepresentative923",
    "url": "https://www.reddit.com/r/PESU/comments/pajitw/should_i_join_ece_in_main_campus/",
    "permalink": "/r/PESU/comments/pajitw/should_i_join_ece_in_main_campus/",
    "score": 5,
    "created_utc": 1629795497,
    "flair": "Discussion :snoo_shrug:",
    "nsfw": false,
    "type": "submission"
  },
  "comments": [
    {
      "id": "ha58p01",
      "body": "Go ask in r/Manipal the same thing. Should I join CCE. If they say don't then come to pesu"
    },
    {
      "id": "ha5kler",
      "body": "Did you get the invitation for counselling?"
    },
    {
      "id": "ha5mt1x",
      "body": "what do u think abt   VIT Vellore CS  vs PES RR CS"
    },
    {
      "id": "ha5n32x",
      "body": "PES RR CS for placements, vellore CS if you want a life."
    },
    {
      "id": "ha5nhga",
      "body": "wow i thot vellore was strict"
    },
    {
      "id": "ha5nyun",
      "body": "Yes"
    },
    {
      "id": "ha5ohu4",
      "body": "Okay"
    },
    {
      "id": "ha5p86b",
      "body": "Ok will do that, but i also wanted to ask if companies allowed ece students to sit in placements for cse"
    },
    {
      "id": "ha5sofc",
      "body": "May i know ur rank if ya dont mind"
    },
    {
      "id": "ha5t5jy",
      "body": "I got 1097 in pessat so I am certain that would able to get ece in the main campus"
    },
    {
      "id": "ha5tf3v",
      "body": "As far as i know you will get ece , you also have chances for getting cse"
    },
    {
      "id": "ha5ukeg",
      "body": "Yes hopefully I get cse  but I wanted to know if taking ece would be a good option since the only other good college I have is manipal"
    },
    {
      "id": "ha5umsl",
      "body": "No, CSE closes at 800 - 900 ranks."
    },
    {
      "id": "habt07d",
      "body": "Till what rank is ece open?"
    }
  ]
}