{
  "id": "panwnt",
  "title": "Hey everyone, I think I'll get CSE in PESU RR campus, is it worth joining?",
  "content": "My main concerns are regarding the campus and college life, I've heard that the placements are good\n\nI've also heard that once you get placed in a company, you're not allowed to sit in any other interviews, is this true?\n\nMy rank is 151, I can get CSE right?",
  "metadata": {
    "author": "thundr_strike",
    "url": "https://www.reddit.com/r/PESU/comments/panwnt/hey_everyone_i_think_ill_get_cse_in_pesu_rr/",
    "permalink": "/r/PESU/comments/panwnt/hey_everyone_i_think_ill_get_cse_in_pesu_rr/",
    "score": 3,
    "created_utc": 1629813606,
    "flair": "Discussion :snoo_shrug:",
    "nsfw": false,
    "type": "submission"
  },
  "comments": [
    {
      "id": "ha69mtv",
      "body": "Ull get CSE for sure. And even I have the same Qs as you"
    },
    {
      "id": "ha6ayzj",
      "body": "higher tier means like a higher CTC right?"
    },
    {
      "id": "ha6c2cl",
      "body": "Hey, so are considering PESU CSE ?"
    },
    {
      "id": "ha95qmg",
      "body": "College life is shit here. If you have other options go there."
    },
    {
      "id": "hapfsjg",
      "body": "Where is college life\n\n&#x200B;\n\nI only got dust allergy and depression from PES"
    }
  ]
}