{
  "id": "paoo1b",
  "title": "Hey, got my pessat result 2021. I might get CSE in RR campus, had a small query.",
  "content": "[deleted]",
  "metadata": {
    "author": "[deleted]",
    "url": "https://www.reddit.com/r/PESU/comments/paoo1b/hey_got_my_pessat_result_2021_i_might_get_cse_in/",
    "permalink": "/r/PESU/comments/paoo1b/hey_got_my_pessat_result_2021_i_might_get_cse_in/",
    "score": 8,
    "created_utc": 1629816012,
    "flair": "Ask a Senior :redditgold:",
    "nsfw": false,
    "type": "submission"
  },
  "comments": [
    {
      "id": "ha67pyb",
      "body": "what about at 151"
    },
    {
      "id": "ha69rdi",
      "body": "dont they have to follow the UGC guidelines?"
    },
    {
      "id": "ha6adyr",
      "body": "its 3.4 lakh per annum, this is what i heard im not an alumi just a fellow student"
    },
    {
      "id": "ha6aj6x",
      "body": "if it doesnt interest you id suggest you not to take it and try out other options that is available to you"
    },
    {
      "id": "ha6e42m",
      "body": "hey, is the counselling offline or online?"
    },
    {
      "id": "ha6pfur",
      "body": "Its offline but if you have a genuine reason you ask them and attend it online"
    },
    {
      "id": "ha8k6qm",
      "body": "Hahaha hahaha hahaha hahaha hahaha hahaha lololol lololol...... They NEVER follow ugc guidelines and openly flout them. And UGC as an organization has no teeth. No Action. None whatsoever can be taken against these guys."
    },
    {
      "id": "ha91zo8",
      "body": "Hey does that mean suppose we register during counselling and later don't want to go here they won't return the fee?"
    },
    {
      "id": "ha95564",
      "body": "No no they will return your fees. That they will. Not an issue in that regard."
    },
    {
      "id": "ha95k1i",
      "body": "Why do you want to come to Pes? Please think twice before coming here. This place is shit."
    },
    {
      "id": "ha9bori",
      "body": "ah thank u, that i dint know"
    }
  ]
}