{
  "id": "paskk1",
  "title": "PESSAT 2021 Cutoff",
  "content": "I have 840 rank in PESSAT. Since CSE seats have been increased to 720 for main campus, is it possible for me to get cse in PES RR campus?",
  "metadata": {
    "author": "fight4fury",
    "url": "https://www.reddit.com/r/PESU/comments/paskk1/pessat_2021_cutoff/",
    "permalink": "/r/PESU/comments/paskk1/pessat_2021_cutoff/",
    "score": 5,
    "created_utc": 1629827932,
    "flair": "Ask a Senior :redditgold:",
    "nsfw": false,
    "type": "submission"
  },
  "comments": [
    {
      "id": "k82ggg0",
      "body": "yes"
    }
  ]
}