{
  "id": "pb6yzm",
  "title": "CSE AT PES v/s CSE AT MIT MANIPAL",
  "content": "I've got a rank of 1093 in the MET, so there's a chance I'll get CSE at MIT MANIPAL, but I'll get CSE with ai/ml specialisation for sure.I got a rank of 943 in PESSAT, so is there a chance of getting CSE at the RR campus?\nAnd how do I choose between PES and MIT?\nI'm looking to go abroad, and want more opportunities for other projects, internships, and everything that would add to a resume.",
  "metadata": {
    "author": "jetrayrox5",
    "url": "https://www.reddit.com/r/PESU/comments/pb6yzm/cse_at_pes_vs_cse_at_mit_manipal/",
    "permalink": "/r/PESU/comments/pb6yzm/cse_at_pes_vs_cse_at_mit_manipal/",
    "score": 6,
    "created_utc": 1629879743,
    "flair": "Ask a Senior :redditgold:",
    "nsfw": false,
    "type": "submission"
  },
  "comments": [
    {
      "id": "haacv6z",
      "body": "I think Cs at PES is much better that Cs at Manipal Jaipur."
    },
    {
      "id": "hadszj5",
      "body": "Hey! At 943, you have a lesser chance of getting CSE at RR Campus. But you definitely have a chance of getting CSE at the other campus in Electronic city or ECE in RR branch. Take your decision keeping in mind that EC campus CSE is a little inferior as compared to RR"
    },
    {
      "id": "hawh2l9",
      "body": "what chance does someone with 836 have? cse at rr campus"
    },
    {
      "id": "hcwxq3a",
      "body": "For the love of god, choose mit manipal."
    },
    {
      "id": "hcwyrpj",
      "body": "the cut-offs aren't helping so much😂"
    }
  ]
}