{
  "id": "pb80ia",
  "title": "Counselling",
  "content": "Can somebody explain how the counselling process works",
  "metadata": {
    "author": "k22112",
    "url": "https://www.reddit.com/r/PESU/comments/pb80ia/counselling/",
    "permalink": "/r/PESU/comments/pb80ia/counselling/",
    "score": 2,
    "created_utc": 1629885105,
    "flair": "Ask a Senior :redditgold:",
    "nsfw": false,
    "type": "submission"
  },
  "comments": [
    {
      "id": "ha9y61i",
      "body": "I'd like to know this too\n\nalso why is no one picking up calls at the institution or responding to emails"
    },
    {
      "id": "haagvge",
      "body": "lmao, its just weird\n\nsad thing is I'm not even in Bangalore that I can go and ask them directly"
    }
  ]
}