{
  "id": "pbtk41",
  "title": "Jee main for pesu rr cse.",
  "content": "[deleted]",
  "metadata": {
    "author": "[deleted]",
    "url": "https://www.reddit.com/r/PESU/comments/pbtk41/jee_main_for_pesu_rr_cse/",
    "permalink": "/r/PESU/comments/pbtk41/jee_main_for_pesu_rr_cse/",
    "score": 3,
    "created_utc": 1629958043,
    "flair": "Discussion :snoo_shrug:",
    "nsfw": false,
    "type": "submission"
  },
  "comments": [
    {
      "id": "hae6blb",
      "body": "don't know, but I was only getting CSE at EC campus with 98.6 %ile"
    },
    {
      "id": "hae6jui",
      "body": "Damn. Man pessat is an easier entry then ..if im not wrong the jee main quota also has the same fee as pessat quota"
    },
    {
      "id": "hae6xne",
      "body": "it definitely is easier through PESSAT I think and yeah afaik the fees is same"
    },
    {
      "id": "hae76dq",
      "body": "Yup"
    },
    {
      "id": "hafmedj",
      "body": "96 percentil, EEE in RR campus"
    }
  ]
}