{
  "id": "pcf8xk",
  "title": "ECE PES RR",
  "content": "Hey, I wanted to know how the ece course  at the rr campus is.  Are the labs good?",
  "metadata": {
    "author": "Logical__000",
    "url": "https://www.reddit.com/r/PESU/comments/pcf8xk/ece_pes_rr/",
    "permalink": "/r/PESU/comments/pcf8xk/ece_pes_rr/",
    "score": 4,
    "created_utc": 1630035090,
    "flair": "Ask a Senior :redditgold:",
    "nsfw": false,
    "type": "submission"
  },
  "comments": [
    {
      "id": "haitbzh",
      "body": "To be fair, it's all a matter of good teachers. Only a few of them are good, and the head of our dept is an idiot herself. Unless you're really interested in the subject and actually motivated to do something in this field, change your department. It'll save you a shit ton of time, and your peace of mind too."
    },
    {
      "id": "hajhv35",
      "body": "so cse at ec or ece at rr?"
    },
    {
      "id": "haji19i",
      "body": "The former, mostly. I don’t know about cse, so ask them."
    }
  ]
}