{
  "id": "pdbsqo",
  "title": "Ece vs eee at rr?",
  "content": "How do they compare to each other placement wise, infrastructure wise and staff?",
  "metadata": {
    "author": "smooth_brain_toad",
    "url": "https://www.reddit.com/r/PESU/comments/pdbsqo/ece_vs_eee_at_rr/",
    "permalink": "/r/PESU/comments/pdbsqo/ece_vs_eee_at_rr/",
    "score": 3,
    "created_utc": 1630164377,
    "flair": "Discussion :snoo_shrug:",
    "nsfw": false,
    "type": "submission"
  },
  "comments": [
    {
      "id": "happl5n",
      "body": "Ece in electronic city or ee in rr?"
    },
    {
      "id": "haqsnqw",
      "body": "Both at rr"
    },
    {
      "id": "has50h4",
      "body": "Obviously take ECE if you are interested electrical, it has better job opportunities and placements as compared EEE but very less core companies come for placements"
    },
    {
      "id": "hbrqpbn",
      "body": "Edit: lmao didn't make cutoff for either"
    }
  ]
}