{
  "id": "pde89b",
  "title": "Cutoff for cse at main campus through pessat",
  "content": "Last year it was 90 something. what will be this years cutoff? can anyone tell for even for second round.",
  "metadata": {
    "author": "Yashwanted420",
    "url": "https://www.reddit.com/r/PESU/comments/pde89b/cutoff_for_cse_at_main_campus_through_pessat/",
    "permalink": "/r/PESU/comments/pde89b/cutoff_for_cse_at_main_campus_through_pessat/",
    "score": 4,
    "created_utc": 1630172240,
    "flair": "Discussion :snoo_shrug:",
    "nsfw": false,
    "type": "submission"
  },
  "comments": [
    {
      "id": "hat16vi",
      "body": "wait waht 90??they have 250 seats via Pessat. yo seriously someone confirm this. i thot for sure I was getting in"
    },
    {
      "id": "hatguvi",
      "body": "Will probably be 1100 after after both the rounds of counselling"
    },
    {
      "id": "hatgzr3",
      "body": "They have 720 seats through pessat.Minimum."
    },
    {
      "id": "hathpux",
      "body": "nah thats overall(pessat+kcet+management+jee)"
    },
    {
      "id": "hati5lg",
      "body": "My bad. Its 360 for pessat. But the cutoff ranks extend upto 1000 for cs in rr."
    },
    {
      "id": "hawgx0g",
      "body": "900 my bad sorry."
    },
    {
      "id": "hawgygj",
      "body": "this year 252 which is what i am scared of."
    }
  ]
}