{
  "id": "pduace",
  "title": "What's the total intake for cse at pesu rr campus?",
  "content": "[deleted]",
  "metadata": {
    "author": "[deleted]",
    "url": "https://www.reddit.com/r/PESU/comments/pduace/whats_the_total_intake_for_cse_at_pesu_rr_campus/",
    "permalink": "/r/PESU/comments/pduace/whats_the_total_intake_for_cse_at_pesu_rr_campus/",
    "score": 4,
    "created_utc": 1630239792,
    "flair": "Discussion :snoo_shrug:",
    "nsfw": false,
    "type": "submission"
  },
  "comments": [
    {
      "id": "hasrk9s",
      "body": "The total strength of the cse group will be 720 (that includes students joining through all quotas)\nThrough pessat quota its around 250 students and through kcet its around 280 students. You can find the details in their website. \nwww.pes.edu/intake-of-courses/ \n\nCheck that link"
    },
    {
      "id": "hasy9yp",
      "body": "Ah okay I had misunderstood the allotment.\nWait then I'm assuming anyone under 700 rank in pessat will be eligible for cse at rr campus...in the subsequent rounds that is if a percentage of people  under 280 ranks will get admitted through the kcet quota or will opt for some other college through mains or advanced..right?\n\nRealistically what are my chances at cse rr campus with 680 rank?"
    },
    {
      "id": "hatejg6",
      "body": "At 680 rank you should get CSE at RR Campus. Previously, PESSAT ranks for CSE have closed around 850-900 (the 2018 batch was a different case, don't use the numbers from that year)"
    }
  ]
}