{
  "id": "pfo244",
  "title": "Did anyone get the online counselling acknowledgement and link?",
  "content": "",
  "metadata": {
    "author": "thundr_strike",
    "url": "https://www.reddit.com/r/PESU/comments/pfo244/did_anyone_get_the_online_counselling/",
    "permalink": "/r/PESU/comments/pfo244/did_anyone_get_the_online_counselling/",
    "score": 4,
    "created_utc": 1630477346,
    "flair": "Discussion :snoo_shrug:",
    "nsfw": false,
    "type": "submission"
  },
  "comments": [
    {
      "id": "hb9bigt",
      "body": "I have the same question, I am thinking of calling them up today, this is seriously some laid back behavior from the management"
    },
    {
      "id": "hbac4za",
      "body": "When i mailed them, they told me i will receive the link a day before the counselling"
    },
    {
      "id": "hbajvgk",
      "body": "I have tried calling them like 5-10 times but they never pick up"
    },
    {
      "id": "hbb68zd",
      "body": "yeah I got the same mail about link\n\nbut they should at least send an acknowledgement that yes we've got your money"
    },
    {
      "id": "hbc1gd3",
      "body": "You can contact them via the main phone no on the university contact us page, They will connect you to admission. I contacted them today to verify whether they have received the fees or not and they said that they have approved the payments and I will get the counselling link tomorrow"
    },
    {
      "id": "hbc1y8q",
      "body": "are you talking about this +91 80 26721983 ?"
    },
    {
      "id": "hbc289v",
      "body": "+91 80 26722108 this one"
    },
    {
      "id": "hbc2tog",
      "body": "rn its oming out of network coverage,\n\nmaybe its the timing, I'll try it out in the morning"
    },
    {
      "id": "hbc8u7f",
      "body": "It's 9 am to 7 pm"
    },
    {
      "id": "hbfewdp",
      "body": "did you get the link?"
    },
    {
      "id": "hbfl9x7",
      "body": "No did you?"
    },
    {
      "id": "hbflx3y",
      "body": "nope,\n\nmessage me once when you get it, I'll do the same\n\njust for confirmation"
    },
    {
      "id": "hbflzoo",
      "body": "Perfect"
    },
    {
      "id": "hbfmzbi",
      "body": "I got it"
    },
    {
      "id": "hbfn36h",
      "body": "Same what is your rank?"
    },
    {
      "id": "hbfnenl",
      "body": "151\n\nyours?"
    },
    {
      "id": "hbfnvmh",
      "body": "1057,that is an amazing rank  did you get any other decent college too?"
    },
    {
      "id": "hbfoema",
      "body": "I got 98.6 %ile in JEE Mains, but I don't think I'll get any better college than PESU with that\n\nother than that I got Mathematics MSc. at Pilani but I want to study CSE and also I'm a dropper so I really don't want a 5 year course"
    },
    {
      "id": "hbfp1iw",
      "body": "Oh okay nice, hope to bump into you in college"
    },
    {
      "id": "hbfp49u",
      "body": "hahaha same"
    },
    {
      "id": "hbfrqu4",
      "body": "ok im getting nervous,what link is this?"
    },
    {
      "id": "hbfrug2",
      "body": "Its the link to join the presentation and counselling"
    },
    {
      "id": "hbfs5od",
      "body": "wait is this for ppl outside blore?"
    },
    {
      "id": "hbfs8sv",
      "body": "Yes, they have an option for attending online counselling"
    },
    {
      "id": "hbfstze",
      "body": "okk thanks. btw do you know their refund policy? are they following UGC?"
    },
    {
      "id": "hbfsxa9",
      "body": "trust me, with a campus that size, you probably will"
    },
    {
      "id": "hbgcyls",
      "body": "I got the link tday"
    },
    {
      "id": "hbgfyqn",
      "body": "Yeah me too"
    }
  ]
}