{
  "id": "pftjja",
  "title": "Does anyone know the refund policy for PES?",
  "content": "What is the refund policy for PES?",
  "metadata": {
    "author": "JacksonDonaldson",
    "url": "https://www.reddit.com/r/PESU/comments/pftjja/does_anyone_know_the_refund_policy_for_pes/",
    "permalink": "/r/PESU/comments/pftjja/does_anyone_know_the_refund_policy_for_pes/",
    "score": 4,
    "created_utc": 1630501672,
    "flair": "Discussion :snoo_shrug:",
    "nsfw": false,
    "type": "submission"
  },
  "comments": [
    {
      "id": "hbaxial",
      "body": "Afaik if you are going for the PESSAT seat you will need to take 2 DDs one for 10k and the other for 3.4L. if you choose to attend the second round of counselling or not take the seat offered to you and don't want to participate in the counselling process further, you can withdraw and take both DDs back with you . If you however take a seat in PESSAT the last date to withdraw will be September 24th beyond which you won't get your money back. I'm not sure about what will happen in the second round and whether that will require an additional fee ."
    },
    {
      "id": "hbb11py",
      "body": "wait so I have a rank good enuf for CS at RR, what if I ditch the first round and, go to the second round, will I still get that seat?"
    },
    {
      "id": "hbb198n",
      "body": "If you are sure you'll get a seat with your rank then sure you can go ahead and try in the second round. It's a gamble but if your rank is pretty high then you can consider it"
    },
    {
      "id": "hbbalpb",
      "body": "my rank is 200, so ig will surely get it. but wont all the cs seats get filled by then(second counselling) at rr campus  (so my rank wont matter anymore right?)"
    }
  ]
}