{
  "id": "phkk55",
  "title": "What is the average cgpa cutoff for the companies coming for placements now?",
  "content": "what should be the ideal cgpa to maintain?",
  "metadata": {
    "author": "Ok_Lead778",
    "url": "https://www.reddit.com/r/PESU/comments/phkk55/what_is_the_average_cgpa_cutoff_for_the_companies/",
    "permalink": "/r/PESU/comments/phkk55/what_is_the_average_cgpa_cutoff_for_the_companies/",
    "score": 9,
    "created_utc": 1630728525,
    "flair": "Discussion :snoo_shrug:",
    "nsfw": false,
    "type": "submission"
  },
  "comments": [
    {
      "id": "hbji5eo",
      "body": "Ig 8/ 8.5 + but 9 + will be beneficial"
    },
    {
      "id": "hbjn24v",
      "body": "8.5 for CSE.\n\n9.0 sometimes.\n\n8.0 if including ECE ig."
    }
  ]
}