{
  "id": "pidicv",
  "title": "Can I have the link to the discord?",
  "content": "Can I get link to the pesu discord?",
  "metadata": {
    "author": "BarRepresentative923",
    "url": "https://www.reddit.com/r/PESU/comments/pidicv/can_i_have_the_link_to_the_discord/",
    "permalink": "/r/PESU/comments/pidicv/can_i_have_the_link_to_the_discord/",
    "score": 5,
    "created_utc": 1630850085,
    "flair": "Discussion :snoo_shrug:",
    "nsfw": false,
    "type": "submission"
  },
  "comments": [
    {
      "id": "hboy5j5",
      "body": "uhh, there are a lot of discord servers, which one do u want to join? XD"
    },
    {
      "id": "hboyk34",
      "body": "[discord.gg/PESU](https://discord.gg/PESU)"
    },
    {
      "id": "hbt218o",
      "body": "gomma bich only one is der ur fake shit doesnt count"
    }
  ]
}