{
  "id": "pirxfw",
  "title": "Is it worth paying 3.5 lpa fees for mechanical?",
  "content": "",
  "metadata": {
    "author": "smooth_brain_toad",
    "url": "https://www.reddit.com/r/PESU/comments/pirxfw/is_it_worth_paying_35_lpa_fees_for_mechanical/",
    "permalink": "/r/PESU/comments/pirxfw/is_it_worth_paying_35_lpa_fees_for_mechanical/",
    "score": 3,
    "created_utc": 1630901042,
    "flair": "Discussion :snoo_shrug:",
    "nsfw": false,
    "type": "submission"
  },
  "comments": [
    {
      "id": "hbruxye",
      "body": "If you are into bdsm it's worth it, cause it's a pain in the ass."
    },
    {
      "id": "hbrvzil",
      "body": "Lol, what abt CS"
    },
    {
      "id": "hbtfhc9",
      "body": "Well that's PES in general XD. \nOnly the placements are good everything else sucks ass."
    },
    {
      "id": "hbtou6j",
      "body": "Nvm I didn't take the seat anyway. Are the mechanical placements good tho?"
    },
    {
      "id": "hbwbv28",
      "body": "u can maybe get inthe second orund if u want"
    },
    {
      "id": "hbwewov",
      "body": "I got mechanical in the first round but I didn't take it. I wanted at least ece. Do you think there's a chance for that in the second round?"
    },
    {
      "id": "hbwguub",
      "body": "you might have a chance at EEE(or whatever is just above  mechanical), no harm trying in the second round right? I mean it depends on your rank"
    },
    {
      "id": "hc5bgga",
      "body": "Lmao are you a mechanical student?"
    }
  ]
}