{
  "id": "pis8lv",
  "title": "PES U cutoffs question",
  "content": "Asking in place of a friend. He got a rank of 670, does he have any chance of getting CS at RR in the second round of counseling? I think the cutoff was 660 in the ist round.",
  "metadata": {
    "author": "JacksonDonaldson",
    "url": "https://www.reddit.com/r/PESU/comments/pis8lv/pes_u_cutoffs_question/",
    "permalink": "/r/PESU/comments/pis8lv/pes_u_cutoffs_question/",
    "score": 4,
    "created_utc": 1630902327,
    "flair": "Discussion :snoo_shrug:",
    "nsfw": false,
    "type": "submission"
  },
  "comments": [
    {
      "id": "hbs6bjt",
      "body": "Borderline mate"
    },
    {
      "id": "hbs7q3j",
      "body": "whys that? doesnt he just need a few ppl to pull out"
    },
    {
      "id": "hbshqxi",
      "body": "That's why it's borderline lol"
    },
    {
      "id": "hbsifon",
      "body": "surely  some ppl will leave after KCET/Mains results(probably BITS results)"
    },
    {
      "id": "hbsklhd",
      "body": "Dont come hto pes you will regret"
    },
    {
      "id": "hbsljlx",
      "body": "why"
    },
    {
      "id": "hbsn62l",
      "body": "Its not worth it. Every thing is shit...college life, management, everything. Come only if you have no other option left. And remember, when people are saying placement is good, you should also know cse alone has more than 1000 students for placement. Only a fraction of them get good job."
    },
    {
      "id": "hbszyan",
      "body": "*BORDERLINE*"
    }
  ]
}