{
  "id": "pjmqpu",
  "title": "I got almost 2500 rank in pessat and took biotech .Is it worth it or should I wait for the 2nd round to get into other courses?",
  "content": "2600 rank*",
  "metadata": {
    "author": "_thinja_",
    "url": "https://www.reddit.com/r/PESU/comments/pjmqpu/i_got_almost_2500_rank_in_pessat_and_took_biotech/",
    "permalink": "/r/PESU/comments/pjmqpu/i_got_almost_2500_rank_in_pessat_and_took_biotech/",
    "score": 5,
    "created_utc": 1631020141,
    "flair": "Ask a Senior :redditgold:",
    "nsfw": false,
    "type": "submission"
  },
  "comments": [
    {
      "id": "hbxein5",
      "body": "not sure if i'm intrested lol. And there are no placements for bt innit?"
    },
    {
      "id": "hbxih1y",
      "body": "thankyou. Ig ill try for cs here (don't think ill get it for my rank)  or elsewhere."
    },
    {
      "id": "hbxnwvc",
      "body": "and also will the minor subjects in cs(with major as bt) really help like the guy said during counselling?"
    },
    {
      "id": "hc1y4ft",
      "body": "cool thankyou"
    }
  ]
}