{
  "id": "pma189",
  "title": "PESU through KCET",
  "content": "I have a rank of 2.7K in PESSAT and I'm aiming for CSE on PESU RR campus through KCET. Can anyone give an idea about the cutoff and stuff for CSE?",
  "metadata": {
    "author": "[deleted]",
    "url": "https://www.reddit.com/r/PESU/comments/pma189/pesu_through_kcet/",
    "permalink": "/r/PESU/comments/pma189/pesu_through_kcet/",
    "score": 6,
    "created_utc": 1631376171,
    "flair": "Discussion :snoo_shrug:",
    "nsfw": false,
    "type": "submission"
  },
  "comments": [
    {
      "id": "hcgi676",
      "body": "In 2019, cutoff for CSE in the 4th round was around 900. In the third round it was around 700. You can find cutoffs for previous years in the archives of the KEA website."
    },
    {
      "id": "hcgidji",
      "body": "And whats the cutoff through jee mains?"
    },
    {
      "id": "hcgima3",
      "body": "I don't think they take admissions through JEE Mains. AFAIK, it's only through KCET, PESSAT and management quota. No COMEDK as well."
    },
    {
      "id": "hcgisc2",
      "body": "In their seat matrix they had provided the no. of seats for jee mains quota as well"
    },
    {
      "id": "hcgj0ek",
      "body": "Well then I might be wrong. When I took admission in 2019, KCET, PESSAT and management quota were the only options. I'm afraid I might not be able to help you with that."
    },
    {
      "id": "hci3zsm",
      "body": "the JEE mains quota is over. I got EEE with a percentile of 96"
    },
    {
      "id": "he32u1i",
      "body": "Which category dude?"
    },
    {
      "id": "he32x8a",
      "body": "GM"
    }
  ]
}