{
  "id": "prtw4m",
  "title": "I got 23k rank in kcet .There is no chance of reaching cs or ece no?",
  "content": "",
  "metadata": {
    "author": "_thinja_",
    "url": "https://www.reddit.com/r/PESU/comments/prtw4m/i_got_23k_rank_in_kcet_there_is_no_chance_of/",
    "permalink": "/r/PESU/comments/prtw4m/i_got_23k_rank_in_kcet_there_is_no_chance_of/",
    "score": 2,
    "created_utc": 1632141126,
    "flair": "Discussion :snoo_shrug:",
    "nsfw": false,
    "type": "submission"
  },
  "comments": [
    {
      "id": "hdl32h6",
      "body": "Gm or some reservation you have?"
    },
    {
      "id": "hdl60lk",
      "body": "if GM category..not a chance"
    },
    {
      "id": "hdpx03p",
      "body": "obc"
    },
    {
      "id": "hdpxkiz",
      "body": "3ag so dont think so"
    }
  ]
}