{
  "id": "prusqz",
  "title": "KCET Counseling",
  "content": "I've got a rank of 3255 in KCET...I'm pretty sure I'll get ECE but can I get cse through the waitlist round?",
  "metadata": {
    "author": "[deleted]",
    "url": "https://www.reddit.com/r/PESU/comments/prusqz/kcet_counseling/",
    "permalink": "/r/PESU/comments/prusqz/kcet_counseling/",
    "score": 4,
    "created_utc": 1632144170,
    "flair": "Ask a Senior :redditgold:",
    "nsfw": false,
    "type": "submission"
  },
  "comments": [
    {
      "id": "hdlgw7r",
      "body": "Wait ece in main campus or electronic city campus?. Because even i have a rank aroukd that range"
    },
    {
      "id": "hduftmf",
      "body": "Bro What was your marks in CET.Since KCET has not released ranks for OCI [students.My](https://students.My) marks was 110 based on the final answer keys."
    },
    {
      "id": "he31vkk",
      "body": "Which category dude?"
    }
  ]
}