{
  "id": "prx3dp",
  "title": "Few questions about classes being started on 27th",
  "content": "Sofor PESSAT and management quota students they have told classes start from 27tj and the will be doing skill building work shop\nWill we be thought seperately from K-CET and Comedk entry?\nBecause CET councelling takes it own sweet time",
  "metadata": {
    "author": "Ayfthisshit",
    "url": "https://www.reddit.com/r/PESU/comments/prx3dp/few_questions_about_classes_being_started_on_27th/",
    "permalink": "/r/PESU/comments/prx3dp/few_questions_about_classes_being_started_on_27th/",
    "score": 7,
    "created_utc": 1632151465,
    "flair": "Discussion :snoo_shrug:",
    "nsfw": false,
    "type": "submission"
  },
  "comments": [
    {
      "id": "hdoehwd",
      "body": "I believe you will have compensation classes after college hours, to catch up."
    },
    {
      "id": "hdp65mt",
      "body": "Nono you got me wrong, im not in CET councelling im in PESSAT entry"
    },
    {
      "id": "hdp9vpr",
      "body": "Ik that but why early"
    }
  ]
}