{
  "id": "psg301",
  "title": "What's my best option out of the following?",
  "content": "PES CS RR (via Pessat, so 3.4lacs),\n\nBMS AI (via KCET, so 1L)\n\nMSRIT IS (via KCET, so 1L)\n\nWhich out of the following is a better option? Fees is not really a problem, but if there's not much difference, we'd rather go for the cheaper ones.",
  "metadata": {
    "author": "JacksonDonaldson",
    "url": "https://www.reddit.com/r/PESU/comments/psg301/whats_my_best_option_out_of_the_following/",
    "permalink": "/r/PESU/comments/psg301/whats_my_best_option_out_of_the_following/",
    "score": 7,
    "created_utc": 1632220435,
    "flair": "Discussion :snoo_shrug:",
    "nsfw": false,
    "type": "submission"
  },
  "comments": [
    {
      "id": "hdpborz",
      "body": "I would choose PES for 2 reasons  \n\n\n1) CSE is better as a course because it's more vast. Bachelor's degree is for understanding your stream. You have Masters and PHD to specialize in a specific topic like AI or IS  \n2) PESU as a college is better than BMS and MSRIT especially in CSE. PES has good placements for CSE"
    },
    {
      "id": "hdptah1",
      "body": "Even I was confused as to how AI and Information science compares to cs"
    },
    {
      "id": "hdpyhzj",
      "body": "Chumma take CS in RR"
    },
    {
      "id": "hdpzi1p",
      "body": "u sure? coz i just remembered one of ur older comments : [https://www.reddit.com/r/PESU/comments/pirxfw/comment/hbruxye/?utm\\_source=share&utm\\_medium=web2x&context=3](https://www.reddit.com/r/PESU/comments/pirxfw/comment/hbruxye/?utm_source=share&utm_medium=web2x&context=3)"
    },
    {
      "id": "hdpzj1x",
      "body": "how did u do in KCET?"
    },
    {
      "id": "hdq5pry",
      "body": "💀"
    },
    {
      "id": "hdqb9ji",
      "body": "Since the branches are different, it would be better to look at what exactly you might be more interested in by going through a rough syllabus of each. \n\nBranches aside, a lot about CSE at PES has been posted here already. Just go through the posts and you'll get an idea about the competition, placements etc."
    },
    {
      "id": "hdt8yb0",
      "body": "Lol can I get cse at RR campus through waitlist/spot round with a rank of 3.2K in KCET?"
    },
    {
      "id": "hdtmyt0",
      "body": "That's for mech, CS is good only here atleast better than AI in BMS"
    },
    {
      "id": "hdtt2ci",
      "body": "what abt against BMS CS, or RV CS?"
    },
    {
      "id": "hdxl675",
      "body": "I talked to a bunch of people at RR campus and some from BMSCE, general consesus\n\nRV CS \\~ PES CS >> BMS CS (academics and exposure)  \n\n\nPlacement wise all three are more or less same"
    },
    {
      "id": "hdxl7y0",
      "body": "I don't think so mate, didn't CET cutoff went to like 900 last year"
    }
  ]
}