{
  "id": "pt0zlm",
  "title": "Am I doing the right thing ? MSRIT Telecom vs PES ece",
  "content": "Msrit telecom vs pes ece \n\nI have a pessat seat in ece but msrit is very close to my house , and I'm more interested in going there which I will get through kcet itself. I shud take the money back so I wanted  suggestions \n\nIs there a lot of difference between the two?\nHow about placements?",
  "metadata": {
    "author": "Credit_Fantastic",
    "url": "https://www.reddit.com/r/PESU/comments/pt0zlm/am_i_doing_the_right_thing_msrit_telecom_vs_pes/",
    "permalink": "/r/PESU/comments/pt0zlm/am_i_doing_the_right_thing_msrit_telecom_vs_pes/",
    "score": 7,
    "created_utc": 1632289382,
    "flair": "Ask a Senior :redditgold:",
    "nsfw": false,
    "type": "submission"
  },
  "comments": [
    {
      "id": "hlnq2ca",
      "body": "Did you found the answer how is Telecommunication \nIn msrit as I am also planning to take this \nDo they allow them to sit in it placement and how hard is this branch\nAnd do we get time for ourselves to learn coding and stuff"
    },
    {
      "id": "ig2lokz",
      "body": "Can you tell me what you did. I’m in a similar position"
    }
  ]
}