{
  "id": "pu0g8h",
  "title": "What is the use for Local Gaurdians during Hostel Admissions",
  "content": "As in throughout the year, do they ever call the LG down at the hostels for any reason? \n\nIf yes then, how frequently?",
  "metadata": {
    "author": "thundr_strike",
    "url": "https://www.reddit.com/r/PESU/comments/pu0g8h/what_is_the_use_for_local_gaurdians_during_hostel/",
    "permalink": "/r/PESU/comments/pu0g8h/what_is_the_use_for_local_gaurdians_during_hostel/",
    "score": 4,
    "created_utc": 1632418751,
    "flair": "Ask a Senior :redditgold:",
    "nsfw": false,
    "type": "submission"
  },
  "comments": [
    {
      "id": "hdzr05x",
      "body": "Hi\n\nSo local guardian(LG) is a point of contact for the hostel with someone in Bangalore.\n\nThey don't call LG randomly so don't worry about that...\n\nThey'll call LG only if there's something important or in case of some emergency!"
    },
    {
      "id": "he002pa",
      "body": "The hostel authorities here are retarded af"
    },
    {
      "id": "he00b65",
      "body": "How is that an answer to the question asked xD\n\nBut agree!"
    },
    {
      "id": "he2qst3",
      "body": "They don’t call them down. But you can go to their house on the weekend and you need their signature for that. They’re mainly here to represent your parents in case anything ever happens."
    }
  ]
}