{
  "id": "pujwm8",
  "title": "How does VIT compare to the top Bangalore colleges?",
  "content": "How does VIT compare to RV, PES, MSRIT, and BMS?",
  "metadata": {
    "author": "JacksonDonaldson",
    "url": "https://www.reddit.com/r/PESU/comments/pujwm8/how_does_vit_compare_to_the_top_bangalore_colleges/",
    "permalink": "/r/PESU/comments/pujwm8/how_does_vit_compare_to_the_top_bangalore_colleges/",
    "score": 3,
    "created_utc": 1632490540,
    "flair": "Discussion :snoo_shrug:",
    "nsfw": false,
    "type": "submission"
  },
  "comments": [
    {
      "id": "he3943a",
      "body": "Which stream are you referring to??"
    }
  ]
}