{
  "id": "pwcnih",
  "title": "How many seats free up in PESSAT for second round for ece in rr?",
  "content": "I missed the seat by some 100 ranks , and want to know what chance I stand of getting a seat in second round",
  "metadata": {
    "author": "CompetitiveAd9036",
    "url": "https://www.reddit.com/r/PESU/comments/pwcnih/how_many_seats_free_up_in_pessat_for_second_round/",
    "permalink": "/r/PESU/comments/pwcnih/how_many_seats_free_up_in_pessat_for_second_round/",
    "score": 4,
    "created_utc": 1632730136,
    "flair": "Ask a Senior :redditgold:",
    "nsfw": false,
    "type": "submission"
  },
  "comments": [
    {
      "id": "hegb1t6",
      "body": "yeah I wanna know the same for CS"
    }
  ]
}