{
  "id": "pzuwc3",
  "title": "What's the lowest cut-off CGPA in PESU for an ECE student? Do they make ECE students sit for placements along with the CSE ones?",
  "content": "",
  "metadata": {
    "author": "cap_spack_jarrow",
    "url": "https://www.reddit.com/r/PESU/comments/pzuwc3/whats_the_lowest_cutoff_cgpa_in_pesu_for_an_ece/",
    "permalink": "/r/PESU/comments/pzuwc3/whats_the_lowest_cutoff_cgpa_in_pesu_for_an_ece/",
    "score": 6,
    "created_utc": 1633180355,
    "flair": "Ask a Senior :redditgold:",
    "nsfw": false,
    "type": "submission"
  },
  "comments": [
    {
      "id": "hf3ticw",
      "body": "*\"They make ece students sit for companies which allow ece students to sit, its not upto PES....if you're smart enough to qualify the coding round and technical interviews then the job is yours\"*\n\n~CSE Senior"
    },
    {
      "id": "hf6y2jq",
      "body": "I'm from CSE so I cannot comment about the CGPAs in ECE.\n\nYes, ECE students do sit for placements along with CSE kids for **almost all** companies."
    },
    {
      "id": "hf6ydec",
      "body": "Thanks! But what are those companies which exclude *almost all*?"
    },
    {
      "id": "hf6yt56",
      "body": "I do not remember anymore since being in CSE I don't usually look at the eligible branches much, but there are only like 1-3 companies that do so. You don't have to be worried if you are from ECE and you would like to sit with the CSE kids for placements. All T-1 companies and almost all other ones will allow CSE and ECE kids to sit for their tests, and sometimes the EEE students too."
    },
    {
      "id": "hf6z1wz",
      "body": "Thanks again!"
    },
    {
      "id": "hjg67r6",
      "body": "7/7.5 is cut off for most companies. 8 would be a good GPA to maintain safe margin."
    }
  ]
}