{
  "id": "q0gc03",
  "title": "Btech lateral entry",
  "content": "Does anyone here has any idea about classes starting date at ring road campus for btech lateral entry students?",
  "metadata": {
    "author": "nitinbunker",
    "url": "https://www.reddit.com/r/PESU/comments/q0gc03/btech_lateral_entry/",
    "permalink": "/r/PESU/comments/q0gc03/btech_lateral_entry/",
    "score": 3,
    "created_utc": 1633262328,
    "flair": "Discussion :snoo_shrug:",
    "nsfw": false,
    "type": "submission"
  },
  "comments": [
    {
      "id": "hiex809",
      "body": "Jan"
    },
    {
      "id": "hiey251",
      "body": "U sure? And  don't you think it'll way too late"
    },
    {
      "id": "hiiqfdq",
      "body": "Yes, I'm pretty sure, I'm a lateral entry student and they did this last year."
    }
  ]
}