{
  "id": "q3qy6r",
  "title": "Amrita Bangalore ECE vs PESU EEE",
  "content": "I got in Amrita's Bangalore campus in ECE branch and i might get EEE in PESU(RR campus)...which is a better choice in terms of placements keeping in mind that I learn coding on my own for both...",
  "metadata": {
    "author": "DueFlamingo7568",
    "url": "https://www.reddit.com/r/PESU/comments/q3qy6r/amrita_bangalore_ece_vs_pesu_eee/",
    "permalink": "/r/PESU/comments/q3qy6r/amrita_bangalore_ece_vs_pesu_eee/",
    "score": 5,
    "created_utc": 1633669777,
    "flair": "Discussion :snoo_shrug:",
    "nsfw": false,
    "type": "submission"
  },
  "comments": [
    {
      "id": "jq3j1n7",
      "body": "PES would be better because you can choose CS minor. Average placement higher than amrita"
    }
  ]
}