{
  "id": "qkhlhd",
  "title": "Is there any news about the second round counselling for PESSAT?",
  "content": "",
  "metadata": {
    "author": "JacksonDonaldson",
    "url": "https://www.reddit.com/r/PESU/comments/qkhlhd/is_there_any_news_about_the_second_round/",
    "permalink": "/r/PESU/comments/qkhlhd/is_there_any_news_about_the_second_round/",
    "score": 1,
    "created_utc": 1635783779,
    "flair": "Discussion :snoo_shrug:",
    "nsfw": false,
    "type": "submission"
  },
  "comments": [
    {
      "id": "hjsd4tc",
      "body": "I heard that it will take place only after cet counselling is over"
    },
    {
      "id": "hjsen7v",
      "body": "where did you hear that, did you call them up?"
    }
  ]
}