{
  "id": "qpybz4",
  "title": "[deleted by user]",
  "content": "[removed]",
  "metadata": {
    "author": "[deleted]",
    "url": "https://www.reddit.com/r/PESU/comments/qpybz4/deleted_by_user/",
    "permalink": "/r/PESU/comments/qpybz4/deleted_by_user/",
    "score": 4,
    "created_utc": 1636442210,
    "flair": null,
    "nsfw": false,
    "type": "submission"
  },
  "comments": [
    {
      "id": "hjwzski",
      "body": "Why do you think its a gamble??"
    },
    {
      "id": "hjx0xaj",
      "body": "Don't join"
    },
    {
      "id": "hjx23wq",
      "body": "I won't:) I wanted to see if have a chance."
    },
    {
      "id": "hjx6s9f",
      "body": "yeah why is it a gamble. I got a rank of 200"
    },
    {
      "id": "hjx6tek",
      "body": "did u join this year?"
    },
    {
      "id": "hjx9x7n",
      "body": "Nah i made the mistake a year ago(it's a joke don't take it seriously)"
    }
  ]
}