{
  "id": "qugzs2",
  "title": "[deleted by user]",
  "content": "[removed]",
  "metadata": {
    "author": "[deleted]",
    "url": "https://www.reddit.com/r/PESU/comments/qugzs2/deleted_by_user/",
    "permalink": "/r/PESU/comments/qugzs2/deleted_by_user/",
    "score": 5,
    "created_utc": 1636984593,
    "flair": null,
    "nsfw": false,
    "type": "submission"
  },
  "comments": [
    {
      "id": "hkq04r0",
      "body": "Yes they count for 15% of your internals. Usually there's 2-4 assignments per subject."
    },
    {
      "id": "hkq1zrt",
      "body": "And/or project"
    },
    {
      "id": "hl2hb03",
      "body": "The usual split is something like 15% of your grade from each ISA, 10% from assignment(s) and the remaining from the final ESA.\nSome cases have the ISA+Assignment split reaching 60%, especially if there's a larger project involved."
    }
  ]
}