{
  "id": "qwny9i",
  "title": "Am I gonna be screwed for having low attendance?",
  "content": "[deleted]",
  "metadata": {
    "author": "[deleted]",
    "url": "https://www.reddit.com/r/PESU/comments/qwny9i/am_i_gonna_be_screwed_for_having_low_attendance/",
    "permalink": "/r/PESU/comments/qwny9i/am_i_gonna_be_screwed_for_having_low_attendance/",
    "score": 5,
    "created_utc": 1637235729,
    "flair": "Ask a Senior :redditgold:",
    "nsfw": false,
    "type": "submission"
  },
  "comments": [
    {
      "id": "hl47a5d",
      "body": "if you have really bad attendance, then parents will be involved or else, you'll be called for some extra classes"
    },
    {
      "id": "hl7wtth",
      "body": "If your attendance is really low, parents will be involved, otherwise you just gotta attend some extra classes"
    },
    {
      "id": "hl8g7io",
      "body": "60%?"
    },
    {
      "id": "hl8gbzp",
      "body": "Then don't worry\n\nThey mostly won't call parents"
    },
    {
      "id": "hlmum5g",
      "body": "Is it per subject wise or the aggregate of all subjects?"
    }
  ]
}