{
  "id": "qxzrs8",
  "title": "Foreign Exchange Programme",
  "content": "Is PESU associated with any foreign universities to study abroad for a sem or smthng and if yes what are the requirements and selection criteria",
  "metadata": {
    "author": "pesuclassof2025",
    "url": "https://www.reddit.com/r/PESU/comments/qxzrs8/foreign_exchange_programme/",
    "permalink": "/r/PESU/comments/qxzrs8/foreign_exchange_programme/",
    "score": 6,
    "created_utc": 1637390288,
    "flair": "Ask a Senior :redditgold:",
    "nsfw": false,
    "type": "submission"
  },
  "comments": [
    {
      "id": "hld3lgh",
      "body": "There are few of my friends who applied for the exchange program!\n\nDon't know what's the status of that now...\n\nAround Sem 6 the registration would start!"
    },
    {
      "id": "hlgyd90",
      "body": "The CIE had a tie up with Berkley's school of business/entrepreneurship. You had to have taken both the CIE electives and there was a selection process. Not sure if it's still going on, especially with covid. I also believe that atleast a part of it is self-funded, if not all of it."
    }
  ]
}