{
  "id": "r3yr31",
  "title": "PESU ECE RR OR EC CAMPUS",
  "content": "I got ec campus ECE in the first round of PESSAT, I mostly will get ece in  rr campus in the second one. Which one do I choose?",
  "metadata": {
    "author": "bitchbetterhvmemo",
    "url": "https://www.reddit.com/r/PESU/comments/r3yr31/pesu_ece_rr_or_ec_campus/",
    "permalink": "/r/PESU/comments/r3yr31/pesu_ece_rr_or_ec_campus/",
    "score": 3,
    "created_utc": 1638084498,
    "flair": "Discussion :snoo_shrug:",
    "nsfw": false,
    "type": "submission"
  },
  "comments": [
    {
      "id": "hmef8hb",
      "body": "Outside campus"
    },
    {
      "id": "hmep41r",
      "body": "Hey\n\nProvided you get the stream you want in RR campus, please pick RR campus\n\nIn the near future, both RR and EC will combine into 1 (RR campus)"
    },
    {
      "id": "hmn2u1x",
      "body": "So you feel that the RR campus is better?"
    },
    {
      "id": "hmn2who",
      "body": "Yup"
    }
  ]
}