{
  "id": "r48gz8",
  "title": "What should I know about CSE in PES as a Diploma Lateral Entry student?",
  "content": "Hello folks of PES!\nI just recently finished my Diploma course and I have paid the 3.4L fees at PES (RR Campus). I have been told that Maths is particularly difficult for Diploma students. What are some things I should know in PES particularly? What are the difficulties and tips I should know about the college before joining? I have started to come across a lot of red flags on the internet that the course is particularly challenging for diploma students? If so, what should be my approach to be able to handle the difficulties (eg: tuitions, extra courses, etc)\n\nAdditionally, I would like to know how safe PES is for LGBTQ+ students.",
  "metadata": {
    "author": "Hash003B6F",
    "url": "https://www.reddit.com/r/PESU/comments/r48gz8/what_should_i_know_about_cse_in_pes_as_a_diploma/",
    "permalink": "/r/PESU/comments/r48gz8/what_should_i_know_about_cse_in_pes_as_a_diploma/",
    "score": 5,
    "created_utc": 1638117883,
    "flair": "Discussion :snoo_shrug:",
    "nsfw": false,
    "type": "submission"
  },
  "comments": [
    {
      "id": "hr1lkhz",
      "body": "Did u take admission as lateral entry in cse?"
    },
    {
      "id": "hr1v0fn",
      "body": "Yes, I got allotted PES in 1st round DCET, but I am waiting for second round, hoping for BMSCE"
    },
    {
      "id": "hr1w12d",
      "body": "Yes i took admission,  now i am waiting for classes to start"
    },
    {
      "id": "hr221x4",
      "body": "Haha, maybe we'll end up in the same class"
    },
    {
      "id": "hr22wp0",
      "body": "Did they tell you when they are planning to start our classes? If not you can contact hod of cse and ask her"
    },
    {
      "id": "hr28ha9",
      "body": "I spoke to the HOD last week. She said she’ll inform us through Email and PESU app"
    },
    {
      "id": "hr28vcq",
      "body": "Same."
    }
  ]
}