{
  "id": "r4ufir",
  "title": "What are the average placements in PES CS RR?",
  "content": "And how much better/worse are they compared to BMS/MSRIT?",
  "metadata": {
    "author": "JacksonDonaldson",
    "url": "https://www.reddit.com/r/PESU/comments/r4ufir/what_are_the_average_placements_in_pes_cs_rr/",
    "permalink": "/r/PESU/comments/r4ufir/what_are_the_average_placements_in_pes_cs_rr/",
    "score": 7,
    "created_utc": 1638187574,
    "flair": "Ask a Senior :redditgold:",
    "nsfw": false,
    "type": "submission"
  },
  "comments": [
    {
      "id": "hmj2mrj",
      "body": "Check this post: https://www.reddit.com/r/PESU/comments/onwyff/campus_placements\n\nNo one can really answer the is it better than BMS/MSRIT\n\nFor PES, right now, there are a lot of offers and opportunities for CSE... Getting in, is all on the students and their performance in placement tests and interviews"
    },
    {
      "id": "hmj3fpk",
      "body": ">No one can really answer the is it better than BMS/MSRIT\n\nI mean wrt to companies that come on campus"
    },
    {
      "id": "hmj3kvh",
      "body": "Ig you can ask on a BMS or MSRIT subreddit, they may give a list of all companies... For PES, the orginal post has the PDF! (Link already shared)"
    },
    {
      "id": "hmj491p",
      "body": "wait there;s no pdf on that link"
    },
    {
      "id": "hmj4c7y",
      "body": "Here: https://drive.google.com/file/d/17zEt7xdUs2cVWytO770XDjkSuvO7xO9O/view"
    },
    {
      "id": "hmj925t",
      "body": "Thanks"
    }
  ]
}