{
  "id": "r8qjpj",
  "title": "Branch Change to ECE",
  "content": "This is coming from a new EEE student of the RR campus \n\nI've heard that branch change to CSE is a tough thing, and also requires a bit of luck, but I have a doubt regarding the branch change to ECE branch.               \n\nHow hard is it exactly? Considering there are some vacant seats in ECE, can you guys please tell the required CGPA (in approx. ofcourse) , and something about previous year trends too.        \n\n&#x200B;\n\nThanks in advance for replying  :)",
  "metadata": {
    "author": "Naman_Panjeta",
    "url": "https://www.reddit.com/r/PESU/comments/r8qjpj/branch_change_to_ece/",
    "permalink": "/r/PESU/comments/r8qjpj/branch_change_to_ece/",
    "score": 6,
    "created_utc": 1638627390,
    "flair": "Ask a Senior :redditgold:",
    "nsfw": false,
    "type": "submission"
  },
  "comments": [
    {
      "id": "hnarlh2",
      "body": "Few things to keep in mind\n\n1) Branch change will occur only when there's vacancy in the other branch\n\n2) Every branch has a minimum student requirement... eg, if ECE has 100 minimum student requirement, even if you are eligible for branch change, but you switching would be 99 ECE kids, you won't be allowed to\n\n3) The branch change happens in CGPA order... 10CGPA gets first preference and so on...\n\nSo considering all things, yes, it would be difficult"
    }
  ]
}