{
  "id": "r9ykr2",
  "title": "Helping a fellow fresher",
  "content": "Im joining RR CAMPUS what are must bring items for hostel\nThanks for the help in advance!",
  "metadata": {
    "author": "Imsmortboi",
    "url": "https://www.reddit.com/r/PESU/comments/r9ykr2/helping_a_fellow_fresher/",
    "permalink": "/r/PESU/comments/r9ykr2/helping_a_fellow_fresher/",
    "score": 5,
    "created_utc": 1638765054,
    "flair": "Ask a Senior :redditgold:",
    "nsfw": false,
    "type": "submission"
  },
  "comments": [
    {
      "id": "hngiqru",
      "body": "Hostel Checklist\n\n1) Clothes all kinds of (1 pair of tradionals, formals etc.. there would be events in college where you may have to change)\n\n2) All your tech stuff..\n\n3) Toiletries, (i think you can buy bucket in hostel, but just get 1 just in case)\n\n4) 2-3 locks with at-least 4 keys... for your room, hostel and cupboards\n\n5) Mattress and pillow (they maybe available in hostel)\n\nThat would be the essentials, anything else can be found around college (to buy) so you are all good!"
    }
  ]
}