{
  "id": "ra3pcv",
  "title": "Classes starting today, need help",
  "content": "Anyone who joined pes thru pessat 2nd round counseling/cet who's classes began today, I wanted to know what happened\nIm out of station and will come to the college on Wednesday. \n\nCan anyone tell me what happened today like the class schedule, details and stuff??\n\nThat would be very helpful!\nThanks",
  "metadata": {
    "author": "Patrick-bateman-23",
    "url": "https://www.reddit.com/r/PESU/comments/ra3pcv/classes_starting_today_need_help/",
    "permalink": "/r/PESU/comments/ra3pcv/classes_starting_today_need_help/",
    "score": 6,
    "created_utc": 1638784315,
    "flair": "Study Help :table:",
    "nsfw": false,
    "type": "submission"
  },
  "comments": [
    {
      "id": "hngxp08",
      "body": "Same kinda out of the blue they started just after second round"
    },
    {
      "id": "hnh0cl9",
      "body": "Did u go to college today?"
    },
    {
      "id": "hnh954y",
      "body": "No Iam going tomorrow for admission"
    },
    {
      "id": "hnjdq0g",
      "body": "I have done my admission yesterday, Im going to class rn, will update in the evening ;)"
    },
    {
      "id": "hnkhf1e",
      "body": "Okayy thank you!!"
    },
    {
      "id": "hnkw7tp",
      "body": "8:15 to 10:15(2 classes 1hr each)\n\n10:15-10:45(short break)\n\n10:45-12:45(2 classes 1hr each)\n\n12:45 - 1:30(lunch break)\n\n1:30–3:30(2 classes 1hr each)\n\none day in each week classes are supposed to end at 12:15, but I don't think they will do that to our batch, as we have admitted late, still I don't know for sure just guessing\n\nToday it was scheduled till 2:30 , But they took an extra class of MatLab for 1 hour(They will do this every Tuesday, so make sure to bring your lappy next Tuesday), rest days it's till 3:30 normally I guess.. \n\nThe classes are uploaded online, you can login with your SRN Id there...\n\nRest in today's classes they did all the usual stuff, They came , gave lecture and took attendance too."
    },
    {
      "id": "hnpqrdw",
      "body": "saturdays?"
    },
    {
      "id": "hnps7yt",
      "body": "In the time table it's given that there will be 1 hour online class (9AM - 10AM) of Constitution of India, and that's it...but idk man , they might reschedule something(Hopefully not 😑 ) \nJust have to wait and see ig."
    }
  ]
}