{
  "id": "rbqzs5",
  "title": "What to choose between PES E-City CS and BMS CS?",
  "content": "",
  "metadata": {
    "author": "JacksonDonaldson",
    "url": "https://www.reddit.com/r/PESU/comments/rbqzs5/what_to_choose_between_pes_ecity_cs_and_bms_cs/",
    "permalink": "/r/PESU/comments/rbqzs5/what_to_choose_between_pes_ecity_cs_and_bms_cs/",
    "score": 5,
    "created_utc": 1638968911,
    "flair": "Discussion :snoo_shrug:",
    "nsfw": false,
    "type": "submission"
  },
  "comments": [
    {
      "id": "hnpzl20",
      "body": "PES CS all day erry day"
    },
    {
      "id": "hnq1694",
      "body": "Electronic city campus too?"
    },
    {
      "id": "hnq19f1",
      "body": "Yes"
    },
    {
      "id": "hnq1hp7",
      "body": "hmm cut off wise, BMS seems to have like the better peer group, and placements don't seem that far offtoo"
    },
    {
      "id": "hnq1xtg",
      "body": "I don't know about the cut offs since I graduated a while back but placements aren't even comparable in the two colleges. \n\n\nI've got friends from BMS and trust me, PES gets SO many more opportunities for internship and FTE hiring."
    },
    {
      "id": "hnq6k08",
      "body": ">FTE hiring\n\nwhat's that?\n\nand are you from the E-city campus?"
    },
    {
      "id": "hnq7moy",
      "body": "Full time employment"
    },
    {
      "id": "hnqayfz",
      "body": "PES gets good placements and the course is newer compared to BMS's VTU syllabus. But both are pretty reputable colleges."
    }
  ]
}