{
  "id": "rcmrtc",
  "title": "Student id",
  "content": "What all is included in student id (like coursera or smthng...) given by the college and how much google storage will we get ?",
  "metadata": {
    "author": "pesuclassof2025",
    "url": "https://www.reddit.com/r/PESU/comments/rcmrtc/student_id/",
    "permalink": "/r/PESU/comments/rcmrtc/student_id/",
    "score": 5,
    "created_utc": 1639071578,
    "flair": "Ask a Senior :redditgold:",
    "nsfw": false,
    "type": "submission"
  },
  "comments": [
    {
      "id": "hnwg0sc",
      "body": "Check out the [GitHub Student Developer Pack](https://education.github.com/pack) for perks and resources related to CS that can be availed using your student email ID. \n\nBesides this, your Google account comes with unlimited free storage."
    },
    {
      "id": "hnyuden",
      "body": "Are you talking about your pesu email ID? The Google account has unlimited storage. You can claim any perks related to a student ID. Some main ones I've used it for \n\n* 100$ of Azure credits for a year\n* Matlab/Simulink\n* Student discounts for subscriptions like Prime or Spotify\n* Discounts on professional memberships like IEEE\n* Unlimited Gdrive (note that this is under university monitoring)"
    },
    {
      "id": "hqe4twm",
      "body": "This is a dumb question. Do they delete ones id after graduation?"
    },
    {
      "id": "hqeaxpy",
      "body": "Well mine hasn't been deleted yet atleast"
    }
  ]
}