{
  "id": "rfyl4t",
  "title": "[deleted by user]",
  "content": "[removed]",
  "metadata": {
    "author": "[deleted]",
    "url": "https://www.reddit.com/r/PESU/comments/rfyl4t/deleted_by_user/",
    "permalink": "/r/PESU/comments/rfyl4t/deleted_by_user/",
    "score": 2,
    "created_utc": 1639454317,
    "flair": null,
    "nsfw": false,
    "type": "submission"
  },
  "comments": [
    {
      "id": "hoh211b",
      "body": "Stream-wise i would say CSE>ISE \n\nCollege wise; right now, PES EC City isn't at the same level of PES RR campus; and RV is slightly better....\n\nCampus rating would be PESU RR ; RV > PESU EC (There are some talk of merging the campuses in near future but there's no confirmation yet!)\n\nSo TLDR: choose according to stream; the campuses are almost the same!"
    },
    {
      "id": "hoh5yvy",
      "body": "ISE seems to be the same as CSE wrt placements and syllabus. \n\nIg my main problem with the EC campus is the huge cutoff"
    },
    {
      "id": "hohmom9",
      "body": "rv"
    }
  ]
}