{
  "id": "rh27i2",
  "title": "Hey y'all! I just joined PES EEE branch? Can I anyone give me an insight into what I can expect in the next 4 years? What's the upsides and what's the downsides?",
  "content": "",
  "metadata": {
    "author": "Greatest-idiot",
    "url": "https://www.reddit.com/r/PESU/comments/rh27i2/hey_yall_i_just_joined_pes_eee_branch_can_i/",
    "permalink": "/r/PESU/comments/rh27i2/hey_yall_i_just_joined_pes_eee_branch_can_i/",
    "score": 7,
    "created_utc": 1639583715,
    "flair": "Ask a Senior :redditgold:",
    "nsfw": false,
    "type": "submission"
  },
  "comments": [
    {
      "id": "honpfm1",
      "body": "well first year is by s&h department, so next three years will be under ee department. Don't want to scare you, but don't get your hopes up. Ee department is decent, but not upto the mark unlike cse or ec. Also depends on how you gonna plan out your future."
    },
    {
      "id": "hoo9lfq",
      "body": "ALL THE BEST"
    },
    {
      "id": "hr2vgbw",
      "body": "I'm also in EEE dude, we'll get through this together 🤝"
    },
    {
      "id": "hrfpy90",
      "body": "How's is EEE going for yo"
    },
    {
      "id": "hrq9bh7",
      "body": "I'm a fresher, so for now it's chill, scared for the second year tho , Everybody says it gets a lot harder :/"
    },
    {
      "id": "hrqg3gs",
      "body": "same here fresher as well, in EEE"
    },
    {
      "id": "jvbdfl2",
      "body": "hey I'm in 2nd year now..how is it going so far?"
    },
    {
      "id": "l4axrb6",
      "body": "im considering PES EEE branch. can u tell me if it is worth it??"
    }
  ]
}