{
  "id": "rl3ri0",
  "title": "Metro Shuttle Timings",
  "content": "What are the Metro Shuttle bus timings from Mysore Road metro??Is there only one bus or multiple busses?",
  "metadata": {
    "author": "Naman_Panjeta",
    "url": "https://www.reddit.com/r/PESU/comments/rl3ri0/metro_shuttle_timings/",
    "permalink": "/r/PESU/comments/rl3ri0/metro_shuttle_timings/",
    "score": 7,
    "created_utc": 1640053411,
    "flair": "Discussion :snoo_shrug:",
    "nsfw": false,
    "type": "submission"
  },
  "comments": [
    {
      "id": "hped9sm",
      "body": "7:45 and 7:50 AM usually however if the driver feels energetic he comes at 7:40 and 7:50 and there's only one in the afternoon at 3:30"
    },
    {
      "id": "hpmth6e",
      "body": "u should have gone to RV lol"
    }
  ]
}