{
  "id": "rm8lwv",
  "title": "First year Labs",
  "content": "How hard are first year Labs, Like how perfectly matching should be your readings and those kind of stuff, also are the teachers lenient in giving marks to students during the Final Lab?And should we prepare/understand/Learn all the experiments for our Final Lab? Please help.",
  "metadata": {
    "author": "Exciting_Map_7382",
    "url": "https://www.reddit.com/r/PESU/comments/rm8lwv/first_year_labs/",
    "permalink": "/r/PESU/comments/rm8lwv/first_year_labs/",
    "score": 7,
    "created_utc": 1640189931,
    "flair": "Study Help :table:",
    "nsfw": false,
    "type": "submission"
  },
  "comments": [
    {
      "id": "hpknds2",
      "body": "Be respectful and nice to your lab teachers and automatically your life becomes much easier. That’s all I gotta say"
    },
    {
      "id": "hplaqo0",
      "body": "It's just going to be like your 12th grade CBSE lab....\n\nDon't sweat on it, it won't be very hard\n\nHave Fun in the lab!"
    },
    {
      "id": "hpns25m",
      "body": "THIS. Greet your lab instructors for brownie points that can be redeemed in finals. \nDon't bunk lab. Submit records on time. Be on time."
    },
    {
      "id": "hpo9awy",
      "body": "\"How hard?\" : I say if you attend all the lab classes,it should not be much of aproblem given that your physics and chem knowledge are still fresh from JEE days.\n\nBe kind to the lab teachers and submit record without creating any hazzle.\n\nAs far as I rememebr,they wont ask you to carry out the experiment in chem lab(my phy lab got canceled due to covid) but only ask you to write down the exp name,draw some diagram on sci lab and some vivas."
    },
    {
      "id": "hr2rh75",
      "body": "No yesterday in chem lab I lost 2 marks for 0.2 error , they are strict and cuting marks for for everyone in titrations"
    }
  ]
}