{
  "id": "rppgx6",
  "title": "Need help",
  "content": "Hey peeps, I got pes ec campus cse in kcet second extended round. I don't a thing about what's happening in campus. I know I'm pretty late, pes ec 1st year guys help me out please. Thank you.\n\nEdit: discord server links??",
  "metadata": {
    "author": "kyloren000",
    "url": "https://www.reddit.com/r/PESU/comments/rppgx6/need_help/",
    "permalink": "/r/PESU/comments/rppgx6/need_help/",
    "score": 7,
    "created_utc": 1640617685,
    "flair": "Study Help :table:",
    "nsfw": false,
    "type": "submission"
  },
  "comments": [
    {
      "id": "hq5mfw9",
      "body": "Thank you"
    }
  ]
}