{
  "id": "ruc34j",
  "title": "Study material and source help",
  "content": "Some senior previous gave the link for all source and study material required in first year , can someone also share the links (google drive) for all the 4 years which contains previous years ISA ESA papers , important questions , textbooks etc",
  "metadata": {
    "author": "FickleAd4141",
    "url": "https://www.reddit.com/r/PESU/comments/ruc34j/study_material_and_source_help/",
    "permalink": "/r/PESU/comments/ruc34j/study_material_and_source_help/",
    "score": 10,
    "created_utc": 1641137925,
    "flair": "Study Help :table:",
    "nsfw": false,
    "type": "submission"
  },
  "comments": [
    {
      "id": "hqyfltp",
      "body": "[If you're in CSE](https://drive.google.com/folderview?id=1CqnSQSmsFNLV4SlsG6_uZg0wAX-Ds_HP)"
    },
    {
      "id": "hr0bevk",
      "body": "Yes thanks"
    },
    {
      "id": "hr1niym",
      "body": "Can anyone help with ECE?"
    },
    {
      "id": "hr1xjbk",
      "body": "https://drive.google.com/drive/folders/1At_R9dFZARH3WI1DZ5HSYjnM4VrIg0Xe?usp=sharing"
    },
    {
      "id": "hr1za3g",
      "body": "Thanks"
    },
    {
      "id": "hr21s92",
      "body": "Can you give the first year one please?\nThanks."
    },
    {
      "id": "hr29yar",
      "body": "[bit.ly/pesufiles](https://bit.ly/pesufiles)"
    }
  ]
}