{
  "id": "rvq0be",
  "title": "CSE PES RR vs Msc Math Bits HYD????",
  "content": "",
  "metadata": {
    "author": "luffyrulzz",
    "url": "https://www.reddit.com/r/PESU/comments/rvq0be/cse_pes_rr_vs_msc_math_bits_hyd/",
    "permalink": "/r/PESU/comments/rvq0be/cse_pes_rr_vs_msc_math_bits_hyd/",
    "score": 3,
    "created_utc": 1641286746,
    "flair": "Discussion :snoo_shrug:",
    "nsfw": false,
    "type": "submission"
  },
  "comments": [
    {
      "id": "hr6yqsl",
      "body": "Do you want to study mathematics or computer science? Simple as that."
    },
    {
      "id": "hr7y8ew",
      "body": "Placement wise cse is ahead for sure"
    },
    {
      "id": "hr88320",
      "body": "Bro you can study comp sci with math in the dual\nThat would be a killer combo ngl"
    },
    {
      "id": "hr88zzx",
      "body": "OP asked about CS at PES vs Math MSc at BITS. If these colleges provide CS + Math dual majors, I'm not aware of it. \n\nSo what is the relevance them being a 'killer combo' here? I agree with you; I just don't understand how that helps OP."
    },
    {
      "id": "hr8a4up",
      "body": "Okay so dual degrees work this way - you do your msc course along with a btech degree for 5 years.\nHowever, your branch of engineering would be decided based on your cg in the first year.(8.5+ apprx)\n\nIf OP manages to get CS then the combo of math+cs would boost OPs skills and open a lot of doors."
    },
    {
      "id": "hr8a7q9",
      "body": "I meant 8.5+ for CS"
    }
  ]
}