{
  "id": "ry2n02",
  "title": "Online classes duration given current scenario ?",
  "content": "",
  "metadata": {
    "author": "Illustrious-Egg-3183",
    "url": "https://www.reddit.com/r/PESU/comments/ry2n02/online_classes_duration_given_current_scenario/",
    "permalink": "/r/PESU/comments/ry2n02/online_classes_duration_given_current_scenario/",
    "score": 8,
    "created_utc": 1641543952,
    "flair": "Discussion :snoo_shrug:",
    "nsfw": false,
    "type": "submission"
  },
  "comments": [
    {
      "id": "hrm6qxj",
      "body": "It’s most probably going to be offline soon right? As per the latest announcement made by the Government of Karnataka."
    },
    {
      "id": "hrm6x74",
      "body": "But the cases are increasing , so it's gotta mean something to govt."
    },
    {
      "id": "hrm76iu",
      "body": "Yes the cases are increasing rapidly but due to low hospitalisation rate the government is a little unsure about the lockdown and shutting down of colleges. But PESU has so many students so it’s a little risky for students to attend physical classes."
    },
    {
      "id": "hrm7bd0",
      "body": "Yeah PESU has more density compared to other colleges in bangalore"
    },
    {
      "id": "hrmvczc",
      "body": "Does PESU follow whatever guidelines the govt gives for VTU despite being autonomous??"
    }
  ]
}