{
  "id": "s2s2vb",
  "title": "Grading system in PESU ??",
  "content": "",
  "metadata": {
    "author": "Illustrious-Egg-3183",
    "url": "https://www.reddit.com/r/PESU/comments/s2s2vb/grading_system_in_pesu/",
    "permalink": "/r/PESU/comments/s2s2vb/grading_system_in_pesu/",
    "score": 6,
    "created_utc": 1642053459,
    "flair": "Ask a Senior :redditgold:",
    "nsfw": false,
    "type": "submission"
  },
  "comments": [
    {
      "id": "hsgjtvh",
      "body": "There are 2 systems:\n\n1) Absolute Grading (90+ S, 80+A  etc...)\n\n2) Relative Grading (depends on performance of everyone)\n\nNo one knows anything more about the grading system coz it's not publicly displayed xD"
    },
    {
      "id": "hsgk0cv",
      "body": "If it's relative then what would be the percentile required for 9+ GPA ?"
    },
    {
      "id": "hsgkbro",
      "body": "No one knows xD\n\nJust hope for the best.. i tried for 4 years to figure it out, couldn't figure it out tho :P"
    },
    {
      "id": "hshc6nv",
      "body": "Same xD"
    }
  ]
}