{
  "id": "s2xewj",
  "title": "Sports!!!",
  "content": "A fresher here, how are the sports(the college team), particularly for cricket(it's infrastructure seems really good) How r selections conducted or the opportunities provided for Sports?",
  "metadata": {
    "author": "luffyrulzz",
    "url": "https://www.reddit.com/r/PESU/comments/s2xewj/sports/",
    "permalink": "/r/PESU/comments/s2xewj/sports/",
    "score": 5,
    "created_utc": 1642073489,
    "flair": "Discussion :snoo_shrug:",
    "nsfw": false,
    "type": "submission"
  },
  "comments": [
    {
      "id": "hsh8hla",
      "body": "\\> We have a really good cricket team \n\n\\> Selections happen once a year, there will be forms and stuff shared! for cricket team, the selections is hard (in my first year 150+ applied; 2 got selected)"
    },
    {
      "id": "hshcjpe",
      "body": "How r the selections conducted?"
    },
    {
      "id": "hshdndw",
      "body": "What about sports other than cricket!"
    }
  ]
}