{
  "id": "s33ajb",
  "title": "A freshers concern about clubs!!",
  "content": "Hey there I'm a freshman at the PESU RR campus. I wanted to know about all the club's at PESU and how to join them and all that stuff especially those related to public speaking, entrepreneurship, acting, and coding. Please help me out.",
  "metadata": {
    "author": "Keertiraj_143",
    "url": "https://www.reddit.com/r/PESU/comments/s33ajb/a_freshers_concern_about_clubs/",
    "permalink": "/r/PESU/comments/s33ajb/a_freshers_concern_about_clubs/",
    "score": 5,
    "created_utc": 1642091223,
    "flair": "Discussion :snoo_shrug:",
    "nsfw": false,
    "type": "submission"
  },
  "comments": [
    {
      "id": "hsicsr4",
      "body": "this site: [https://clubs.pes.edu/campus/pes-university-rr-campus](https://clubs.pes.edu/) lists all the clubs at PESU RR,   \nthese clubs usually conduct an orientation program, otherwise, most of them have active social media where you could reach out to know more about registration/events"
    },
    {
      "id": "hsljg2y",
      "body": "Hey there!\n\nEvery club will have an orientation program and recruitment, the notification generally will come in the PESU app.. \n\nI have shared the instagram linked for the clubs you have mentioned, you can reach out to them and ask your queries\n\n\\> Public Speaking: DebSoc ([https://www.instagram.com/pesdebsoc/](https://www.instagram.com/pesdebsoc/)) MunSoc ([https://www.instagram.com/pesmunsociety/](https://www.instagram.com/pesmunsociety/))\n\n\\> Entrepreneurship: ECell ([https://www.instagram.com/pes\\_ecell/](https://www.instagram.com/pes_ecell/))\n\n\\> Acting: Nautanki ([https://www.instagram.com/thenautankiteam/](https://www.instagram.com/thenautankiteam/))\n\n\\> Coding: HackerSpace ([https://www.instagram.com/peshackerspace/](https://www.instagram.com/peshackerspace/))"
    },
    {
      "id": "ht713yb",
      "body": "Keertiraj never use your real name in reddit"
    }
  ]
}