{
  "id": "s33u0q",
  "title": "PESU high intake(RR+EC)",
  "content": "I think PESU is becoming more and more like VIT and SRM because of their high intake in CSE , this will affect the placements and quality of our batches.",
  "metadata": {
    "author": "Illustrious-Egg-3183",
    "url": "https://www.reddit.com/r/PESU/comments/s33u0q/pesu_high_intakerrec/",
    "permalink": "/r/PESU/comments/s33u0q/pesu_high_intakerrec/",
    "score": 18,
    "created_utc": 1642092665,
    "flair": "Rant :snoo_facepalm:",
    "nsfw": false,
    "type": "submission"
  },
  "comments": [
    {
      "id": "hslhc7w",
      "body": "Well, every educational institution is a business after all...\n\nMore seats = More Bling"
    },
    {
      "id": "hslhh62",
      "body": "Nope institutions like BITS , BIT mesra and Few others have kept the quality control despite being Private institutions."
    },
    {
      "id": "hslhlz1",
      "body": "Well how can you say that the quality of PESU education has dropped?\n\nWhat are you comparing it to!"
    },
    {
      "id": "hsli08v",
      "body": "What if BITS increased it's CSE intake to 1500+ students do you think it'll be still that good , actually it might not affect BITS that much because even top 2000 students of BITSAT are good can't say same about PESU as only 10-15k appear for PESSAT and KCET has more than 50% reservation."
    },
    {
      "id": "hsli7se",
      "body": "See the logic is right\n\nBut almost every college expands in number...\n\nI don't feel the quality of education has dropped in PES ever after a larger intake... So worry not\n\nAnd placements aren't affected by the number of people in the batch... It's the college reputation and how good of a student you are"
    },
    {
      "id": "htlz7qg",
      "body": "You're forgetting that BITS has more number of branches compared to PES even if you exclude 5 yr MS courses"
    }
  ]
}