{
  "id": "s6x5te",
  "title": "On Campus Internships",
  "content": "Can a EEE student sit for on-campus CS internships, if yes then what are the min. CGPA cutoffs.",
  "metadata": {
    "author": "Exciting_Map_7382",
    "url": "https://www.reddit.com/r/PESU/comments/s6x5te/on_campus_internships/",
    "permalink": "/r/PESU/comments/s6x5te/on_campus_internships/",
    "score": 6,
    "created_utc": 1642511320,
    "flair": "Ask a Senior :redditgold:",
    "nsfw": false,
    "type": "submission"
  },
  "comments": [
    {
      "id": "ht9qoa8",
      "body": "\\> It depends on the company, placement office has no say in eligibility; so if the company feels EEE is skilled enough for the CSE job, then yes..\n\n\\> The cutoffs are also company based. College puts a cutoff of 6+ or 6.5+ to be eligible for placements. This changes every year!"
    }
  ]
}