{
  "id": "s735jx",
  "title": "Got into PESU through PGCET",
  "content": "Hey folks. I got into pes through PGCET. I see that the intake for MBA is around 410. Is this going to affect placements. Is this college good for MBA. There is no information regarding MBA placements in PES. Can anyone help out.",
  "metadata": {
    "author": "the_dark_trader",
    "url": "https://www.reddit.com/r/PESU/comments/s735jx/got_into_pesu_through_pgcet/",
    "permalink": "/r/PESU/comments/s735jx/got_into_pesu_through_pgcet/",
    "score": 5,
    "created_utc": 1642527857,
    "flair": "Ask a Senior :redditgold:",
    "nsfw": false,
    "type": "submission"
  },
  "comments": [
    {
      "id": "ht7lkn6",
      "body": "There is no info regarding placement for any department other than CSE. you can request info at Placement office in MRD block"
    },
    {
      "id": "j4qf56f",
      "body": "Bro how's the college and placements ? I have secured a similar Rank and struggling to select a college. HELP !!!!"
    }
  ]
}