{
  "id": "s9u8gs",
  "title": "MCA in PES",
  "content": "Hey guys, I'm a 2021 bca passed out and looking to get into mca. Is PES better for mca and does it provide good placements.",
  "metadata": {
    "author": "Dino_7474",
    "url": "https://www.reddit.com/r/PESU/comments/s9u8gs/mca_in_pes/",
    "permalink": "/r/PESU/comments/s9u8gs/mca_in_pes/",
    "score": 4,
    "created_utc": 1642826345,
    "flair": "Ask a Senior :redditgold:",
    "nsfw": false,
    "type": "submission"
  },
  "comments": [
    {
      "id": "htyxb6s",
      "body": "Hi man. Even I am in such dilemma. I checked their linkedin profile pf 2021 graduate and most people with good ofgers were from btech be. I want to confirm if the mca guys also get same opporunities."
    }
  ]
}