{
  "id": "sc7v1u",
  "title": "Please help! Regarding low attendance",
  "content": "I’m in first year CSE, and I’m freaking out real bad. My attendance in comp lab is 80%, as I missed two classes since I was sick. But the thing is, I don’t have medical certificates, since I just had a fever and mild cold on both occasions. I’m scared shitless right now , will I even be allowed to write finals?",
  "metadata": {
    "author": "POS272",
    "url": "https://www.reddit.com/r/PESU/comments/sc7v1u/please_help_regarding_low_attendance/",
    "permalink": "/r/PESU/comments/sc7v1u/please_help_regarding_low_attendance/",
    "score": 7,
    "created_utc": 1643094851,
    "flair": "Ask a Senior :redditgold:",
    "nsfw": false,
    "type": "submission"
  },
  "comments": [
    {
      "id": "hu4ow3p",
      "body": "Don't worry. 85% is just a soft margin for the attendence. 75% is the hard margin. So I guess you'll be allowed to write the exams."
    },
    {
      "id": "hu5c1q6",
      "body": "Calm down kid. You're safe"
    }
  ]
}