{
  "id": "sixplv",
  "title": "Are there cameras in every room in PES asking for a friend",
  "content": "",
  "metadata": {
    "author": "Imsmortboi",
    "url": "https://www.reddit.com/r/PESU/comments/sixplv/are_there_cameras_in_every_room_in_pes_asking_for/",
    "permalink": "/r/PESU/comments/sixplv/are_there_cameras_in_every_room_in_pes_asking_for/",
    "score": 7,
    "created_utc": 1643830668,
    "flair": "Discussion :snoo_shrug:",
    "nsfw": false,
    "type": "submission"
  },
  "comments": [
    {
      "id": "hvd5msa",
      "body": "There are cameras in the corridors. I haven't seen any in the classes."
    },
    {
      "id": "hvd7uhy",
      "body": "PS: There are cameras everywhere."
    },
    {
      "id": "hvd8s5t",
      "body": "There are cameras in every class but it's not working in our class, so🤷‍♂️"
    },
    {
      "id": "hvejjoy",
      "body": "There are cameras in most of the common places.\n\nThe eyes you need to be worried for, are the newly recruited bouncers in college, any small inconvenience, you are on their phone camera xD"
    },
    {
      "id": "hvyeb71",
      "body": "> bouncers in college\n\nWait what?"
    },
    {
      "id": "hvyfg8t",
      "body": "Yes my man\n\nPESU has bouncers in college xD"
    }
  ]
}