{
  "id": "slxf6a",
  "title": "Attendence issues for Internship",
  "content": "I see internship of duration of 4-6 months, are students allowed to take these internship considering attendence?",
  "metadata": {
    "author": "Saksham1308",
    "url": "https://www.reddit.com/r/PESU/comments/slxf6a/attendence_issues_for_internship/",
    "permalink": "/r/PESU/comments/slxf6a/attendence_issues_for_internship/",
    "score": 10,
    "created_utc": 1644156342,
    "flair": "Ask a Senior :redditgold:",
    "nsfw": false,
    "type": "submission"
  },
  "comments": [
    {
      "id": "hvtchop",
      "body": "Internships can only be taken up during the summer between the 6th and 7th semesters or during your 8th semester **if you would like to earn credits for them**.\n\nAs for during other periods, you won't be given attendance for missing classes to pursue an internship."
    },
    {
      "id": "hvwqto6",
      "body": "In mech department, we were allowed to take internship in 7th and 8th sem (2018-2022) batch\n\nThere's no attendance relaxation, so you gotta keep the same 85%+\n\nBut in the last 2 sem, you'll have like 1hr class a day, so it won't be a very big issue\n\nGood Luck!"
    },
    {
      "id": "hvxcn7r",
      "body": "7th semester internships aren't allowed from the 2023 batch as far as I know"
    }
  ]
}