{
  "id": "swvo24",
  "title": "ISA results",
  "content": "ISA got over on Saturday , generally by when we will get our results?? Do we get class rank or something also?",
  "metadata": {
    "author": "FickleAd4141",
    "url": "https://www.reddit.com/r/PESU/comments/swvo24/isa_results/",
    "permalink": "/r/PESU/comments/swvo24/isa_results/",
    "score": 4,
    "created_utc": 1645342070,
    "flair": "Ask a Senior :redditgold:",
    "nsfw": false,
    "type": "submission"
  },
  "comments": [
    {
      "id": "hxoi9a5",
      "body": "PESSAT 1st round student here, we got ISA-1 result the Thursday after ISA week. No class rank but you will get a chart with marks vs percentile(in whole batch) so you know where you stand."
    },
    {
      "id": "hxoire8",
      "body": "Thanks 👍"
    }
  ]
}