{
  "id": "t6rjy9",
  "title": "SCHOLARSHIP",
  "content": "What was your cgpa for scholarship!!?",
  "metadata": {
    "author": "luffyrulzz",
    "url": "https://www.reddit.com/r/PESU/comments/t6rjy9/scholarship/",
    "permalink": "/r/PESU/comments/t6rjy9/scholarship/",
    "score": 6,
    "created_utc": 1646424116,
    "flair": "Ask a Senior :redditgold:",
    "nsfw": false,
    "type": "submission"
  },
  "comments": [
    {
      "id": "hzelqy3",
      "body": "8.5+ is a solid bet to get the MRD scholarship. 9+ is basically guaranteed."
    }
  ]
}