{
  "id": "t766cr",
  "title": "Any place at PES that is relatively free of obnoxious couples?",
  "content": "I'm no BD activist, and romance is cool and all, but my eyes are constantly bombarded by in-your-face PDA. Sitting together and all is fine, but just now there were people dancing under tables, pulling hair, tickling, and giggling. The problem could be me and I should just learn to live with it, but is there some spot that's *not* a frolicking spot?  \n\n\n  \n\n\n~~This post was a joke and I just typed this cause I've been bored of serious stuff and expect some funny answers.~~",
  "metadata": {
    "author": "Banging-my-bang",
    "url": "https://www.reddit.com/r/PESU/comments/t766cr/any_place_at_pes_that_is_relatively_free_of/",
    "permalink": "/r/PESU/comments/t766cr/any_place_at_pes_that_is_relatively_free_of/",
    "score": 24,
    "created_utc": 1646473807,
    "flair": "Rant :snoo_facepalm:",
    "nsfw": true,
    "type": "submission"
  },
  "comments": [
    {
      "id": "hzfyik1",
      "body": "You can go the Golden Jubilee block which is getting constructed lol. Oh wait, I've heard people do stuff over there as well😔\n\nSo basically no spot lol"
    },
    {
      "id": "hzgbq4m",
      "body": "COE Office, Inside backgate sutta shop, mechanical classrooms."
    },
    {
      "id": "hzgfum8",
      "body": "at this point im more worried about 5 ISAs than seeing PDAs man"
    },
    {
      "id": "hzh66cc",
      "body": "Oh lollll, that was a great idea actually, it's quite deserted xD"
    },
    {
      "id": "hzh68hn",
      "body": "If you see a face in the newspaper tomorrow, guess you'll know who. I am. ;)"
    },
    {
      "id": "hzh6fw7",
      "body": "Yeah, now I guess it will just be Poor Displays of Academics. :, ("
    },
    {
      "id": "hzh6lcd",
      "body": "Mechanical classrooms?! Please explain this brilliance lol."
    },
    {
      "id": "hzy2ap6",
      "body": "That full-form tho <3"
    }
  ]
}