{
  "id": "t7aosd",
  "title": "Anyone else feel burned out from the new ISA system?",
  "content": "Not sure if this is also due to the added stress of placements/internships but it's a shame that I went from \"let's try my best no matter what\" to \"what's the point of even attending classes\" and no amount of breaks seem to help. Days just seem to pass by now.\n\nAnyone else feels so? How on earth is everyone coping with this bs....",
  "metadata": {
    "author": "Datapprentice101",
    "url": "https://www.reddit.com/r/PESU/comments/t7aosd/anyone_else_feel_burned_out_from_the_new_isa/",
    "permalink": "/r/PESU/comments/t7aosd/anyone_else_feel_burned_out_from_the_new_isa/",
    "score": 24,
    "created_utc": 1646490814,
    "flair": "Rant :snoo_facepalm:",
    "nsfw": false,
    "type": "submission"
  },
  "comments": [
    {
      "id": "hzgfydq",
      "body": "i feel your pain bro, even i feel exhausted nowadays but i have no other option so somehow i cope up with it."
    },
    {
      "id": "hzk71be",
      "body": "Same for me bro .....only good thing is 3 more months of this crap and then I will fuck off"
    }
  ]
}