{
  "id": "t9cc8b",
  "title": "Attendance !!!",
  "content": "I'm first sem student in RR campus (Chem Cycle)\n\nI have 83.68% attendance in CS and 84.9% in CHEM. Rest all I have 85+.\n\nSo will they let me write my ESA or they will make one big drama out of it??",
  "metadata": {
    "author": "randomabhi1409",
    "url": "https://www.reddit.com/r/PESU/comments/t9cc8b/attendance/",
    "permalink": "/r/PESU/comments/t9cc8b/attendance/",
    "score": 11,
    "created_utc": 1646728344,
    "flair": "Ask a Senior :redditgold:",
    "nsfw": false,
    "type": "submission"
  },
  "comments": [
    {
      "id": "hztgmqc",
      "body": "Thanks"
    },
    {
      "id": "hztgwgn",
      "body": "My attendance was around 70% in all the subjects last semester, did not have any issues. I know people in the 50s who were allowed to write, but this was in the CSE dept. Every dept works differently, so I'm not entirely sure how S&H would take it"
    },
    {
      "id": "hzthycr",
      "body": "Lmao i had 57 in 2 last sem and 65 in 3, wrote all exams, they asked for med cert for below 75 but they didn't really bother tbh, and first sem is chill nobody really cares u should be fine"
    },
    {
      "id": "hztknmk",
      "body": "hey chill da they won't  care at all about attendance unless it is really low like around 30-40s"
    }
  ]
}