{
  "id": "ta7u4i",
  "title": "Hello, we just got a circular that has instructed us to pay \"college fees\" of 20k and \"exam fees\" of 5k. is this totally normal or what? i thought for the kids that came through KCET, there were no additional charges. could someone validate this?",
  "content": "",
  "metadata": {
    "author": "blazingassassin18",
    "url": "https://i.redd.it/r9no1pxj1dm81.jpg",
    "permalink": "/r/PESU/comments/ta7u4i/hello_we_just_got_a_circular_that_has_instructed/",
    "score": 11,
    "created_utc": 1646832683,
    "flair": "Discussion :snoo_shrug:",
    "nsfw": false,
    "type": "submission"
  },
  "comments": [
    {
      "id": "hzzfrbc",
      "body": "It's usually KEA fees + college fee you need to pay every year  \nFor 2020 batch, we had to pay 65k to KEA and 50k to college  \nI guess they've hiked the KEA fee to 90k or something this year, so most probably they're now asking you to pay the 50k college fees in 2 installments"
    },
    {
      "id": "k2irra2",
      "body": "Hey so should how much extra fees did they collect for you guys in 2022 apart from kea 95000???"
    },
    {
      "id": "k2is720",
      "body": "What did mean by installments?do they collect University fees every semester?"
    }
  ]
}