{
  "id": "td7oe7",
  "title": "Withdrawal and Dropping of Courses for ESA: What is this? I need help with ESA registration.",
  "content": "[deleted]",
  "metadata": {
    "author": "[deleted]",
    "url": "https://www.reddit.com/r/PESU/comments/td7oe7/withdrawal_and_dropping_of_courses_for_esa_what/",
    "permalink": "/r/PESU/comments/td7oe7/withdrawal_and_dropping_of_courses_for_esa_what/",
    "score": 2,
    "created_utc": 1647180517,
    "flair": "Ask a Senior :redditgold:",
    "nsfw": false,
    "type": "submission"
  },
  "comments": [
    {
      "id": "i0htafi",
      "body": "Don't choose anything, just give the ratings for all those teachers you have and complete the registration"
    }
  ]
}