{
  "id": "td8ris",
  "title": "Passing Percentage",
  "content": "Can a senior tell me how much percentage is required to move to the next semester successfully both ISA and ESA combined. 1st sem student here",
  "metadata": {
    "author": "aayuxh",
    "url": "https://www.reddit.com/r/PESU/comments/td8ris/passing_percentage/",
    "permalink": "/r/PESU/comments/td8ris/passing_percentage/",
    "score": 13,
    "created_utc": 1647183846,
    "flair": "Ask a Senior :redditgold:",
    "nsfw": false,
    "type": "submission"
  },
  "comments": [
    {
      "id": "i0i2sje",
      "body": "There is no percentage.\n\nYou will move on to the next semester regardless of whether you pass all your courses or not. If you fail a course, you will have a backlog for that course, which you will need to clear before you graduate"
    },
    {
      "id": "i0i4q9u",
      "body": "What is the score required to not have a backlog?"
    },
    {
      "id": "i0i50e3",
      "body": "You only get grades. F grade is a fail, so anything but that"
    },
    {
      "id": "i0i81fj",
      "body": "And how much does one need to get in order to get an F grade"
    },
    {
      "id": "i0ieyas",
      "body": "I think 35 is a pass. But you need to pass when you combine the ISA + ESA + assignment and/or project components"
    },
    {
      "id": "i0v31kb",
      "body": "40% in each subject will guarantee that u will pass that subject"
    },
    {
      "id": "i2jqtmy",
      "body": "Nope, as long as you pass with your overall score, you will pass that course."
    }
  ]
}