{
  "id": "tdtdtn",
  "title": "Withdrawing or dropping a subject in esa",
  "content": "I have a doubt regarding the process of withdrawing from a subject in esa\nIf I withdraw from the subject now , when will I be writing the exam for that ?\nAnd will it be shown as a backlog in my resume ? is it a negative thing to have on my resume ? \n\nAnd would dropping a 4 credit course be problem ?",
  "metadata": {
    "author": "Razmataz98",
    "url": "https://www.reddit.com/r/PESU/comments/tdtdtn/withdrawing_or_dropping_a_subject_in_esa/",
    "permalink": "/r/PESU/comments/tdtdtn/withdrawing_or_dropping_a_subject_in_esa/",
    "score": 8,
    "created_utc": 1647249646,
    "flair": "Ask a Senior :redditgold:",
    "nsfw": false,
    "type": "submission"
  },
  "comments": [
    {
      "id": "i0lno8s",
      "body": "remindME! 3 hours"
    },
    {
      "id": "i0lnptq",
      "body": "I will be messaging you in 3 hours on [**2022-03-14 13:27:35 UTC**](http://www.wolframalpha.com/input/?i=2022-03-14%2013:27:35%20UTC%20To%20Local%20Time) to remind you of [**this link**](https://www.reddit.com/r/PESU/comments/tdtdtn/withdrawing_or_dropping_a_subject_in_esa/i0lno8s/?context=3)\n\n[**CLICK THIS LINK**](https://www.reddit.com/message/compose/?to=RemindMeBot&subject=Reminder&message=%5Bhttps%3A%2F%2Fwww.reddit.com%2Fr%2FPESU%2Fcomments%2Ftdtdtn%2Fwithdrawing_or_dropping_a_subject_in_esa%2Fi0lno8s%2F%5D%0A%0ARemindMe%21%202022-03-14%2013%3A27%3A35%20UTC) to send a PM to also be reminded and to reduce spam.\n\n^(Parent commenter can ) [^(delete this message to hide from others.)](https://www.reddit.com/message/compose/?to=RemindMeBot&subject=Delete%20Comment&message=Delete%21%20tdtdtn)\n\n*****\n\n|[^(Info)](https://www.reddit.com/r/RemindMeBot/comments/e1bko7/remindmebot_info_v21/)|[^(Custom)](https://www.reddit.com/message/compose/?to=RemindMeBot&subject=Reminder&message=%5BLink%20or%20message%20inside%20square%20brackets%5D%0A%0ARemindMe%21%20Time%20period%20here)|[^(Your Reminders)](https://www.reddit.com/message/compose/?to=RemindMeBot&subject=List%20Of%20Reminders&message=MyReminders%21)|[^(Feedback)](https://www.reddit.com/message/compose/?to=Watchful1&subject=RemindMeBot%20Feedback)|\n|-|-|-|-|"
    },
    {
      "id": "i0lwnnh",
      "body": "Withdrawing will not show up as a backlog, but will look like one.\nIt will be counted as a course taken in the next semester in your transcript, and will appear in the next semester's grade card, but with the previous year's course code."
    },
    {
      "id": "i0lxgti",
      "body": "What if I was to drop a 4 credit course ? Can I make up for it with a little effort in my coming years (I'm still in first sem) or will that be really hard ? Like do we need minimum no of credits to pass each sem ?"
    },
    {
      "id": "i0nwepq",
      "body": "There is no credit limit for a semester but you need to have cleared all courses for getting your degree"
    },
    {
      "id": "i0nwton",
      "body": "So I can't drop a 4 credit course and make up for it by taking other courses ?"
    },
    {
      "id": "i0pdqqp",
      "body": "You can't \"take up\" any course all the courses are compulsory as FC (Foundation Course) or CC(Core Course) there's no way to make up credits if you withdraw you're essentially pushing that subject over to whichever sem you feel you have the opportunity to clear it in."
    },
    {
      "id": "i0qc1y0",
      "body": "Ah okay , so there's really no difference between withdraw and drop ?"
    },
    {
      "id": "i0qd7i3",
      "body": "Nope"
    },
    {
      "id": "l89iw9r",
      "body": "Can I withdraw after failing in subject "
    }
  ]
}