{
  "id": "tenj0v",
  "title": "sheer ID",
  "content": "Do we have a sheer ID and what's the format?",
  "metadata": {
    "author": "suhas-65",
    "url": "https://www.reddit.com/r/PESU/comments/tenj0v/sheer_id/",
    "permalink": "/r/PESU/comments/tenj0v/sheer_id/",
    "score": 5,
    "created_utc": 1647346242,
    "flair": "Discussion :snoo_shrug:",
    "nsfw": false,
    "type": "submission"
  },
  "comments": [
    {
      "id": "i0qo4x2",
      "body": "This is for the Spotify Student version innit? Even I didn't get what the username and password. I assume it is the SRN/PRN as username but no idea about the password. I sent pics of PES ID card for confirmation and they verified me in no time, I suggest you do that only"
    },
    {
      "id": "i0qzy43",
      "body": "Agree, just send ID card photo\n\n~~(Use Apk instead)~~"
    },
    {
      "id": "k36prm0",
      "body": "How and where do you send the ID to get it verified ???"
    }
  ]
}