{
  "id": "tfs8si",
  "title": "ISA and ESA",
  "content": "In order to get 8.5cgpa+ what marks are we supposed to get??",
  "metadata": {
    "author": "luffyrulzz",
    "url": "https://www.reddit.com/r/PESU/comments/tfs8si/isa_and_esa/",
    "permalink": "/r/PESU/comments/tfs8si/isa_and_esa/",
    "score": 11,
    "created_utc": 1647462267,
    "flair": "Discussion :snoo_shrug:",
    "nsfw": false,
    "type": "submission"
  },
  "comments": [
    {
      "id": "i0yeqpu",
      "body": "Study well comrade."
    },
    {
      "id": "i0yuaj0",
      "body": "Atleast around 75-80% of the total marks in ESA and both ISAs"
    },
    {
      "id": "i127h56",
      "body": "Comrade's down, not responding anymore. ☠️"
    }
  ]
}