{
  "id": "tggmul",
  "title": "Major/Minor",
  "content": "Are minors available for all branches? Or only CSE? Also is the btech/MTech switch worth it?",
  "metadata": {
    "author": "Putrid-Pop-349",
    "url": "https://www.reddit.com/r/PESU/comments/tggmul/majorminor/",
    "permalink": "/r/PESU/comments/tggmul/majorminor/",
    "score": 8,
    "created_utc": 1647541302,
    "flair": "Ask a Senior :redditgold:",
    "nsfw": false,
    "type": "submission"
  },
  "comments": [
    {
      "id": "i13hgwa",
      "body": "Yeah it is available for all branches. But most people I've seen have taken only CSE or ECE minor."
    },
    {
      "id": "i13zz5n",
      "body": "Thanks!"
    }
  ]
}