{
  "id": "tm2rzw",
  "title": "About Relative Grading",
  "content": "How often do they go for relative Grading and do they consider the performance of your class alone or the entire batch.",
  "metadata": {
    "author": "Eastern_Ad5375",
    "url": "https://www.reddit.com/r/PESU/comments/tm2rzw/about_relative_grading/",
    "permalink": "/r/PESU/comments/tm2rzw/about_relative_grading/",
    "score": 12,
    "created_utc": 1648117535,
    "flair": "Ask a Senior :redditgold:",
    "nsfw": false,
    "type": "submission"
  },
  "comments": [
    {
      "id": "i1xxm62",
      "body": "It's subject wise, not class or batch. Mostly upto the professor on if they choose relative or absolute, sometimes department."
    }
  ]
}