{
  "id": "tmgs36",
  "title": "I Shat in the Staff Bathroom",
  "content": "[removed]",
  "metadata": {
    "author": "throwawaypesu192",
    "url": "https://www.reddit.com/r/PESU/comments/tmgs36/i_shat_in_the_staff_bathroom/",
    "permalink": "/r/PESU/comments/tmgs36/i_shat_in_the_staff_bathroom/",
    "score": 53,
    "created_utc": 1648135442,
    "flair": "Rant :snoo_facepalm:",
    "nsfw": false,
    "type": "submission"
  },
  "comments": [
    {
      "id": "i1y9h03",
      "body": "Legend"
    },
    {
      "id": "i21chcg",
      "body": "Somebody give this man a gold!"
    },
    {
      "id": "i21e16h",
      "body": "\"Golden\" History of Pes"
    },
    {
      "id": "i21wcpl",
      "body": "I have no award to give but consider this comment as one!"
    },
    {
      "id": "i22hwax",
      "body": " Damn sir\n**holy** shit"
    }
  ]
}