{
  "id": "tpgu86",
  "title": "Confusing tier 1 cutoff",
  "content": "Why have collge kept the cutoff for Tier 1 as 8.75 when the maximum cgpa a company asks is 8.5?",
  "metadata": {
    "author": "Basic_Ad_900",
    "url": "https://www.reddit.com/r/PESU/comments/tpgu86/confusing_tier_1_cutoff/",
    "permalink": "/r/PESU/comments/tpgu86/confusing_tier_1_cutoff/",
    "score": 7,
    "created_utc": 1648375234,
    "flair": "Ask a Senior :redditgold:",
    "nsfw": false,
    "type": "submission"
  },
  "comments": [
    {
      "id": "i2aqkms",
      "body": "As far as I know college cannot decide the cutoff since it is decided by the companies. They can only ensure that people with CGPA < cutoff don't sit for the test.\n\nOr did they do something new this time? xD"
    },
    {
      "id": "i2b04k5",
      "body": "They said in some orientation that the cutoff for tier 1 is 8.75"
    },
    {
      "id": "i2cg7oo",
      "body": "There's no cutoff, it's a trend, they said that they've noticed a trend of Tier 1 companies hiring students with 8.75+"
    },
    {
      "id": "i41f8nj",
      "body": "There's no cut offs for a specific tier. It entirely depends on the company and what they specify as eligibility criteria. But the trend is such that you're better off with 7.5 - 8+, for higher chances of making the shortlists."
    },
    {
      "id": "i41wqp6",
      "body": "Oh okk so if i maintain a gpa of around 8 while mainly focussing on coding and develoment...i should be good enuf for tier 1?"
    }
  ]
}