{
  "id": "tqlxay",
  "title": "Will I pass",
  "content": "I got 14.5,21 in isa I will get som 20 to 30 range in esa\nAdding up to a min of 37.5",
  "metadata": {
    "author": "gowtham301",
    "url": "https://www.reddit.com/r/PESU/comments/tqlxay/will_i_pass/",
    "permalink": "/r/PESU/comments/tqlxay/will_i_pass/",
    "score": 12,
    "created_utc": 1648508995,
    "flair": "Ask a Senior :redditgold:",
    "nsfw": false,
    "type": "submission"
  },
  "comments": [
    {
      "id": "i2ig5d4",
      "body": "35 is the passing mark in your final score. So if you're getting 37.5, congratulations, you'll pass."
    },
    {
      "id": "i2jdo7j",
      "body": "Thank u🥳"
    },
    {
      "id": "i2jlkvy",
      "body": "You're welcome"
    }
  ]
}