{
  "id": "tqwzqr",
  "title": "Minimum marks in ESA?",
  "content": "Am a first year student  \nIs there any minimum marks to be scored in ESA to pass a course or does it depend only on the total (ISA+ESA+Assignment) score?  \n\n\nLike If I have my ISA+Assignment score to be around 35-40 then is it ok to get like single digit marks in ESA?",
  "metadata": {
    "author": "Rohan_Jamakhandi",
    "url": "https://www.reddit.com/r/PESU/comments/tqwzqr/minimum_marks_in_esa/",
    "permalink": "/r/PESU/comments/tqwzqr/minimum_marks_in_esa/",
    "score": 12,
    "created_utc": 1648550794,
    "flair": "Ask a Senior :redditgold:",
    "nsfw": false,
    "type": "submission"
  },
  "comments": [
    {
      "id": "i2jsfq0",
      "body": "The final score that includes ISA+ESA+Assignments must be above 35 for you to pass in that subject. So if the ISA+Assignments score is already above 35, then you can technically even skip the ESA. However, your final grade wouldn't be good."
    },
    {
      "id": "i56emyd",
      "body": "ज़ीरो, शून्य"
    }
  ]
}