{
  "id": "ts0rpr",
  "title": "esports in AT'22",
  "content": "I have a doubt....is ther any competition  held for esports like valorant  or csgo or bgmi or any other esport in AT'22 ?",
  "metadata": {
    "author": "Fun-Understanding862",
    "url": "https://www.reddit.com/r/PESU/comments/ts0rpr/esports_in_at22/",
    "permalink": "/r/PESU/comments/ts0rpr/esports_in_at22/",
    "score": 11,
    "created_utc": 1648624364,
    "flair": "Ask a Senior :redditgold:",
    "nsfw": false,
    "type": "submission"
  },
  "comments": [
    {
      "id": "i2qtiw9",
      "body": "Yeah there's an event \"Respawn\".  If you want details check out [https://www.aatmatrisha.in](https://www.aatmatrisha.in)"
    }
  ]
}