{
  "id": "tvsmpr",
  "title": "petition to make pesu logo in r/place",
  "content": "May the pride of pesu be with you",
  "metadata": {
    "author": "Ok_Lead778",
    "url": "https://www.reddit.com/r/PESU/comments/tvsmpr/petition_to_make_pesu_logo_in_rplace/",
    "permalink": "/r/PESU/comments/tvsmpr/petition_to_make_pesu_logo_in_rplace/",
    "score": 20,
    "created_utc": 1649044689,
    "flair": "Discussion :snoo_shrug:",
    "nsfw": false,
    "type": "submission"
  },
  "comments": [
    {
      "id": "i3bh6cc",
      "body": "Let's goooo"
    },
    {
      "id": "i3bl6ya",
      "body": "Bruh"
    },
    {
      "id": "i3c7t8t",
      "body": "Lawl\n\n1.5m bots couldn't make a flag peacefully.\n\nFor this to happen, we need a little bit of **Dorae**mon gadget help."
    },
    {
      "id": "i3ic6af",
      "body": "Well F"
    }
  ]
}