{
  "id": "twsslv",
  "title": "Are tattoos allowed in PES",
  "content": "I've got a provisional seat for Bdes at PESIT(RR Campus) for the upcoming academic year, so I'm just curious if tattoos are allowed.\nOr whether there's a rule like \"If you have tattoos, make sure it isn't visible\"?\nIt may sound like a stupid, unnecessary question, and I would say it definitely is stupid, but I'm just interested because I'm thinking of getting a small forearm tattoo after exams lmao",
  "metadata": {
    "author": "riteshua",
    "url": "https://www.reddit.com/r/PESU/comments/twsslv/are_tattoos_allowed_in_pes/",
    "permalink": "/r/PESU/comments/twsslv/are_tattoos_allowed_in_pes/",
    "score": 4,
    "created_utc": 1649158261,
    "flair": "Discussion :snoo_shrug:",
    "nsfw": false,
    "type": "submission"
  },
  "comments": [
    {
      "id": "i3ibo8y",
      "body": "There's no rule against tattoos... Just against wearing shorts in campus"
    },
    {
      "id": "i3ljrjy",
      "body": "Ooh, there's a shorts rule?  \n\n\nI'm male, how much do you think I can get away with at PES? Also, who will ever catch me?"
    },
    {
      "id": "i3lssxg",
      "body": "To start  \n1) You won't be allowed inside the gate  \n2) Literally every security guard and bouncer will belt you  \n3) The college is small, you will get caught (i hope yo don't tho xD)  \n4) Be a legend and try removing this rule, thanks"
    }
  ]
}