{
  "id": "tzr4p7",
  "title": "Not attending ISAs",
  "content": "I might be missing 3-4 1st ISA tests as I’m going out of station. So is there any provision in PESU that will let me take them at a later time? Or will I never be able to take them at all if I’m absent for them ?",
  "metadata": {
    "author": "Local-Gene-6286",
    "url": "https://www.reddit.com/r/PESU/comments/tzr4p7/not_attending_isas/",
    "permalink": "/r/PESU/comments/tzr4p7/not_attending_isas/",
    "score": 6,
    "created_utc": 1649503018,
    "flair": "Ask a Senior :redditgold:",
    "nsfw": false,
    "type": "submission"
  },
  "comments": [
    {
      "id": "i418krt",
      "body": "If you miss the ISAs, you get assigned a 0 for that test. There are no retests, regardless of the genuineness of the reason to miss the test."
    },
    {
      "id": "i42yz33",
      "body": "There's no \"re-take\" you miss you lose."
    },
    {
      "id": "i44y1y3",
      "body": "But i heard juniors have a best of 4 out of the 5 ISAs\n\nSo ig it's all cool"
    },
    {
      "id": "i45f5l3",
      "body": "we have just two ISAs in the first year"
    },
    {
      "id": "i45pa71",
      "body": "Yikes\n\nSo until and unless it's a medical reason with a pre-approved reason, ig you'll be marked 0 for that ISA"
    },
    {
      "id": "i45q0lu",
      "body": "Nah bro you can’t miss even for medical reasons it seems"
    },
    {
      "id": "i6jpqon",
      "body": "No retakes. Your marks will be 0"
    }
  ]
}