{
  "id": "tzvbq0",
  "title": "Can I redeem myself if i have fucked up the first sem",
  "content": "I haven't failed anywhere by sgpa is 6. Can I redeem this ?",
  "metadata": {
    "author": "Background-Fee9531",
    "url": "https://www.reddit.com/r/PESU/comments/tzvbq0/can_i_redeem_myself_if_i_have_fucked_up_the_first/",
    "permalink": "/r/PESU/comments/tzvbq0/can_i_redeem_myself_if_i_have_fucked_up_the_first/",
    "score": 10,
    "created_utc": 1649517539,
    "flair": "Ask a Senior :redditgold:",
    "nsfw": false,
    "type": "submission"
  },
  "comments": [
    {
      "id": "i42dyya",
      "body": "Sure, you can. If you can score an SGPA of 8.5+ in the rest of your semesters, your final CGPA should easily be 8+."
    }
  ]
}