{
  "id": "u0abvz",
  "title": "Backlog in 1st Semester",
  "content": "When will I be able to write a make up exam to clear my backlog? Do I have to attend classes again, and what is the registration fees for the make up exam?",
  "metadata": {
    "author": "rageanddreams",
    "url": "https://www.reddit.com/r/PESU/comments/u0abvz/backlog_in_1st_semester/",
    "permalink": "/r/PESU/comments/u0abvz/backlog_in_1st_semester/",
    "score": 8,
    "created_utc": 1649566075,
    "flair": "Ask a Senior :redditgold:",
    "nsfw": false,
    "type": "submission"
  },
  "comments": [
    {
      "id": "i44psqs",
      "body": "If I remember correctly, you'd have to give the course exams in the summer break in case you failed a course. If you fail that too, then you'd end up with a backlog that would have to be cleared before you graduate. Not sure if you have to attend classes, but you need to clear the exams the next time the course holds its exams (which is with the next batch)."
    },
    {
      "id": "i44ro8u",
      "body": "Thank you! Do you know if my CGPA will improve if I clear the subject in the summer?"
    },
    {
      "id": "i44y9qn",
      "body": "It will\n\nYour new grade will replace the old one"
    },
    {
      "id": "i46basg",
      "body": "Thanks!"
    },
    {
      "id": "i4dz68u",
      "body": "500 rupees per credit is the fees, so changes based on subject. Don’t need to attend class as far as I remember."
    },
    {
      "id": "i4e7e78",
      "body": "No makeup exams, essentially you'll be writing backlog exam next ESA cycle post registration for the same. And no, don't have to attend classes again. The whole summer term thing was scraped when i was in 1st year itself. Now it usually happens before the regular ESA's."
    }
  ]
}