{
  "id": "u107kf",
  "title": "Money?",
  "content": "Is it true that you get ₹1000 from uni if you manage to get a 7.5+ GPA in your semester? \nAlso, if they did wouldn't the uni go broke lol?",
  "metadata": {
    "author": "Greatest-idiot",
    "url": "https://www.reddit.com/r/PESU/comments/u107kf/money/",
    "permalink": "/r/PESU/comments/u107kf/money/",
    "score": 6,
    "created_utc": 1649654472,
    "flair": "Ask a Senior :redditgold:",
    "nsfw": false,
    "type": "submission"
  },
  "comments": [
    {
      "id": "i49igcp",
      "body": "Yeah. You get much more too, if you get an even higher GPA."
    },
    {
      "id": "i4a7co5",
      "body": "What if I got SGPA of 2.77?"
    },
    {
      "id": "i4b62tw",
      "body": "you get to write your exams once again"
    },
    {
      "id": "i4b6kuq",
      "body": "You get sadness"
    },
    {
      "id": "i4dytuz",
      "body": "You used to get, they stopped after covid. Not sure if it’ll restart anytime soon."
    },
    {
      "id": "i4iq5b4",
      "body": "They gave it for our 6th semester (which was a year ago). No news about 7th semester yet"
    }
  ]
}