{
  "id": "u1yz45",
  "title": "Practice questions for C (2nd sem)?",
  "content": "Can any seniors help me out with where to find good questions for C, since I’m sorta struggling with it.",
  "metadata": {
    "author": "POS272",
    "url": "https://www.reddit.com/r/PESU/comments/u1yz45/practice_questions_for_c_2nd_sem/",
    "permalink": "/r/PESU/comments/u1yz45/practice_questions_for_c_2nd_sem/",
    "score": 12,
    "created_utc": 1649769675,
    "flair": "Study Help :table:",
    "nsfw": false,
    "type": "submission"
  },
  "comments": [
    {
      "id": "i4fhc4b",
      "body": "My teacher is good at explaining the concepts, but the thing is he doesn’t give us many examples. He uses only 1 or 2 and explains the related concept using those only.\n\nAlso..questions for c are available on pesuacademy? I can’t seem to find anything yet"
    },
    {
      "id": "i4gxueh",
      "body": "Try out  \"c programming: a modern approach \". I heavily relied on this for pwc"
    },
    {
      "id": "i4yakq9",
      "body": "https://www.sanfoundry.com/c-interview-questions-answers/#c-chapters    ....this was given by our comp teacher...u can use it if you want"
    },
    {
      "id": "i4ymrh9",
      "body": "Thanks,this seems pretty helpful!"
    },
    {
      "id": "i56e0f4",
      "body": "Hackerrank karo shriman chodu"
    }
  ]
}