{
  "id": "u386r7",
  "title": "What's this course exam?",
  "content": "[deleted]",
  "metadata": {
    "author": "[deleted]",
    "url": "https://www.reddit.com/r/PESU/comments/u386r7/whats_this_course_exam/",
    "permalink": "/r/PESU/comments/u386r7/whats_this_course_exam/",
    "score": 6,
    "created_utc": 1649907420,
    "flair": "Ask a Senior :redditgold:",
    "nsfw": false,
    "type": "submission"
  },
  "comments": [
    {
      "id": "i4o8e3q",
      "body": "So yes, you have to write those exams to clear your backs\n\nIn my batch, we used to have something called a grade improvement exam during summer to improve grade. For your batch, it's best to ask your faculty about this"
    },
    {
      "id": "i4tp8ag",
      "body": "So even if you pass, you could write the exam again to improve grades?"
    },
    {
      "id": "i4tpavd",
      "body": "Yes\n\nThat was the reason for the grade improvement test"
    }
  ]
}