{
  "id": "u3blz3",
  "title": "C programming",
  "content": "Hey! We have C programming as a course in 2nd semester. I’m not quite sure where to study C from because the AV summary videos aren’t helpful. Could I get some sources from where I can study this subject?",
  "metadata": {
    "author": "Sure-Competition4161",
    "url": "https://www.reddit.com/r/PESU/comments/u3blz3/c_programming/",
    "permalink": "/r/PESU/comments/u3blz3/c_programming/",
    "score": 10,
    "created_utc": 1649920871,
    "flair": "Study Help :table:",
    "nsfw": false,
    "type": "submission"
  },
  "comments": [
    {
      "id": "i4oass0",
      "body": "NSK sir's notes"
    },
    {
      "id": "i4ormyb",
      "body": "Got an S grade in  C with just this."
    },
    {
      "id": "i4p1jm2",
      "body": "where to get it? can someone share it here"
    },
    {
      "id": "i4pltrv",
      "body": "Yes please someone share 😖"
    },
    {
      "id": "i4syfiq",
      "body": "Wow. Any idea where I can get his notes from?"
    }
  ]
}