{
  "id": "u3hypn",
  "title": "Google Drive",
  "content": "Can i keep my private documents and files on college google drive. Can they see what i have uploaded and will the drive work even after completing my 4 year",
  "metadata": {
    "author": "FickleAd4141",
    "url": "https://www.reddit.com/r/PESU/comments/u3hypn/google_drive/",
    "permalink": "/r/PESU/comments/u3hypn/google_drive/",
    "score": 11,
    "created_utc": 1649944128,
    "flair": "Ask a Senior :redditgold:",
    "nsfw": false,
    "type": "submission"
  },
  "comments": [
    {
      "id": "i4pbcyt",
      "body": "I personally suggest not, i don't know whether they can see it or not tho\n\nI'll let you know and the account post graduation part soon"
    },
    {
      "id": "i4sci4y",
      "body": "Q1: They can see everything. Workspace admins have complete control, access, and rights to all data in the Drive.\n\nQ2: Really depends... I still have access a year after graduation... I would still not store anything too important there."
    },
    {
      "id": "i4tm0tj",
      "body": "They can see everything you upload but if you Encrypt it before uploading, all they can see is garbage unless they have the password. Try using cryptomator.\n\nP.s- I don’t know if uploading personal files breaks Tos."
    },
    {
      "id": "i4tu3hb",
      "body": "Unless it breaks Google TOS it doesn't matter because they're using the free version for education."
    }
  ]
}