{
  "id": "u4mzrd",
  "title": "PSA: MuSigma hiring PESU students, please read the r/Bangalore forum post on the company before applying (post link below)",
  "content": "we received pre-placement talk links from MuSigma,   \nthis below-linked post from r/Bangalore elaborates on experiences of MuSigma trapped freshers  \n[https://www.reddit.com/r/bangalore/comments/ognpgl/musigma\\_the\\_it\\_company\\_which\\_is\\_trapping\\_freshers/?utm\\_source=share&utm\\_medium=web2x&context=3](https://www.reddit.com/r/bangalore/comments/ognpgl/musigma_the_it_company_which_is_trapping_freshers/?utm_source=share&utm_medium=web2x&context=3)\n\n  \nfeel free to spread the word around since not every PESU student is an active Reddit member.",
  "metadata": {
    "author": "LogicRhetoric",
    "url": "https://www.reddit.com/r/PESU/comments/u4mzrd/psa_musigma_hiring_pesu_students_please_read_the/",
    "permalink": "/r/PESU/comments/u4mzrd/psa_musigma_hiring_pesu_students_please_read_the/",
    "score": 24,
    "created_utc": 1650073025,
    "flair": "ANNOUNCEMENT :snoo:",
    "nsfw": false,
    "type": "submission"
  },
  "comments": [
    {
      "id": "i4x263d",
      "body": "Thanks for posting this\n\nI hope people read and take the correct decision"
    },
    {
      "id": "i5q2sup",
      "body": "Don't join MuSigma. I am a previous employer saying this."
    }
  ]
}