{
  "id": "u9ha81",
  "title": "Shower",
  "content": "[deleted]",
  "metadata": {
    "author": "[deleted]",
    "url": "https://www.reddit.com/r/PESU/comments/u9ha81/shower/",
    "permalink": "/r/PESU/comments/u9ha81/shower/",
    "score": 9,
    "created_utc": 1650641256,
    "flair": "Discussion :snoo_shrug:",
    "nsfw": false,
    "type": "submission"
  },
  "comments": [
    {
      "id": "i63hcv5",
      "body": "Such a triumphant perfection of inconvenience after bursting a door of idiotic obstinacy."
    },
    {
      "id": "i63kmu5",
      "body": "Here's a way -\n\n1. Make a friend \n2. Get him to stay in the hostel\n3. Sneak into his room\n4. Take a shower"
    },
    {
      "id": "i63l4vn",
      "body": "Easier way: carry a full bucket of water with you at all times"
    }
  ]
}