{
  "id": "uadw6p",
  "title": "Courses",
  "content": "Is chosing ece at pes a good choice?",
  "metadata": {
    "author": "Vengeance55",
    "url": "https://www.reddit.com/r/PESU/comments/uadw6p/courses/",
    "permalink": "/r/PESU/comments/uadw6p/courses/",
    "score": 4,
    "created_utc": 1650745123,
    "flair": "Ask a Senior :redditgold:",
    "nsfw": false,
    "type": "submission"
  },
  "comments": [
    {
      "id": "i5ytrc4",
      "body": "On EC campus, yes."
    },
    {
      "id": "i5zlpxx",
      "body": "Why not the main campus tho?"
    },
    {
      "id": "i62ot13",
      "body": "ECE in RR has the best faculty. If you're totally aligned towards ECE, go for it. I've had no regrets until now."
    },
    {
      "id": "i63mfmn",
      "body": "What about ec campus tho?\nAren’t they the same?"
    },
    {
      "id": "i72di1s",
      "body": "As much as I want to help (wrong person to ask), just wanted to say I find it absolutely hilarious that they say yes and boom, radio silence."
    },
    {
      "id": "i736bnu",
      "body": "🥲"
    }
  ]
}