{
  "id": "ucdkk6",
  "title": "Hey y’all, what’s the process to form /create a technical club?",
  "content": "",
  "metadata": {
    "author": "TraditionalSir9962",
    "url": "https://www.reddit.com/r/PESU/comments/ucdkk6/hey_yall_whats_the_process_to_form_create_a/",
    "permalink": "/r/PESU/comments/ucdkk6/hey_yall_whats_the_process_to_form_create_a/",
    "score": 7,
    "created_utc": 1650982575,
    "flair": "Ask a Senior :redditgold:",
    "nsfw": false,
    "type": "submission"
  },
  "comments": [
    {
      "id": "i69op8v",
      "body": "Make a proposal document with what the club aims to achieve, how it will be good for both the students and the college as a whole. Make sure you have a budget slide.\n\nTake it to your HOD as a proposal."
    },
    {
      "id": "i6a6okz",
      "body": "Any idea what is the accepted budget range?"
    },
    {
      "id": "i6ar2b0",
      "body": "Depends on the club and aimed activities"
    },
    {
      "id": "i6dat0c",
      "body": "Are first year students allowed to form clubs?"
    },
    {
      "id": "i6dats2",
      "body": "Any idea what’s the ideal budget for tech clubs?"
    },
    {
      "id": "i6dfc0a",
      "body": "It's on a request basis\n\nSo you need to justify the money you are asking for"
    },
    {
      "id": "i6dfdt9",
      "body": "They can\n\nBut i suggest to wait for sometime\nUnderstand club culture\n\nAnd then form your own club"
    },
    {
      "id": "i6hs9g6",
      "body": "If you're looking at software stuff, then your budget shouldn't be too high. You may be able to leverage a lot of existing infrastructure at the campus.\n\nIf you're looking at hardware like cars/drones/planes, you would need about 20L+ with the current inflationary trends.\n\nBut without more details on the technical club we can't really help you."
    }
  ]
}