{
  "id": "ugjnyj",
  "title": "Amazon packages",
  "content": "Are we allowed to get packages (Amazon/other couriers) delivered to college?",
  "metadata": {
    "author": "_g3raltofrivia_",
    "url": "https://www.reddit.com/r/PESU/comments/ugjnyj/amazon_packages/",
    "permalink": "/r/PESU/comments/ugjnyj/amazon_packages/",
    "score": 4,
    "created_utc": 1651474440,
    "flair": "Discussion :snoo_shrug:",
    "nsfw": false,
    "type": "submission"
  },
  "comments": [
    {
      "id": "i715sez",
      "body": "I'm assuming you're not in hostel. I've done it once. They let in couriers. This is EC. Idk about RR."
    },
    {
      "id": "i71eo4q",
      "body": "For RR campus: Yes you are allowed to..\n\nAll forms of packages/couriers etc are allowed to Be Block Entrance and Hostel. Food is allowed only till the main gate/back gate"
    },
    {
      "id": "i71rp3d",
      "body": "Yep not in the hostel. Did you have to collect from the reception (assuming you were in class when it was delivered)?"
    },
    {
      "id": "i71rslo",
      "body": "Ah I'm in the EC campus. Thanks man :)"
    },
    {
      "id": "i71zxio",
      "body": "Wasn't that brave. I excused myself from class and collected it myself. Their delivery to office has a pre selected time ig. I put it around classes where they'd let me out if I asked."
    },
    {
      "id": "i7ap7wo",
      "body": "Right cool, thanks mate!"
    }
  ]
}