{
  "id": "ugrmyq",
  "title": "Teacher's notes",
  "content": "Hey, does campus mart sell Teacher's notes? If they don't, is there any other place from where I can get it from? I specifically need NSK sir's notes for C programming (2nd Sem)",
  "metadata": {
    "author": "TraditionalSir9962",
    "url": "https://www.reddit.com/r/PESU/comments/ugrmyq/teachers_notes/",
    "permalink": "/r/PESU/comments/ugrmyq/teachers_notes/",
    "score": 8,
    "created_utc": 1651503802,
    "flair": "Study Help :table:",
    "nsfw": false,
    "type": "submission"
  },
  "comments": [
    {
      "id": "i71ey1y",
      "body": "I don't think there's something called \"Teacher's Notes\".. however they sell notes from some kid in campus Mart\n\nThat would be good enough for your preparation"
    }
  ]
}