{
  "id": "unu4ef",
  "title": "Physics for Sem 2",
  "content": "[deleted]",
  "metadata": {
    "author": "[deleted]",
    "url": "https://www.reddit.com/r/PESU/comments/unu4ef/physics_for_sem_2/",
    "permalink": "/r/PESU/comments/unu4ef/physics_for_sem_2/",
    "score": 0,
    "created_utc": 1652334749,
    "flair": "Study Help :table:",
    "nsfw": false,
    "type": "submission"
  },
  "comments": [
    {
      "id": "i8arwq0",
      "body": "लॉल।"
    },
    {
      "id": "i8au1v1",
      "body": "पुसी।"
    }
  ]
}