{
  "id": "uscm2y",
  "title": "Where do i pay library fines?",
  "content": "Borrowed a book which no one will for the next 4 years (other than me again), return date was the next day and tried to renew it. Guy said i could keep it for a few more days with no problem. Returned the book today only for another guy to look at me as if i committed blasphemy for a fine of 4rs. I didnt want to deal with him so asking here.",
  "metadata": {
    "author": "raidandexplore",
    "url": "https://www.reddit.com/r/PESU/comments/uscm2y/where_do_i_pay_library_fines/",
    "permalink": "/r/PESU/comments/uscm2y/where_do_i_pay_library_fines/",
    "score": 5,
    "created_utc": 1652879545,
    "flair": "Ask a Senior :redditgold:",
    "nsfw": false,
    "type": "submission"
  },
  "comments": [
    {
      "id": "i92nk1g",
      "body": "Pay it to the person sitting at the book return counter"
    },
    {
      "id": "i9347ju",
      "body": ">another guy to look at me as if i committed blasphemy\n\nLmao"
    }
  ]
}