{
  "id": "v2nm0k",
  "title": "Attendance",
  "content": "How to hijack attendance. I already wrote one letter in 1st sem for less attendance and still can't maintain good attendance in 2nd sem what to do 🙂",
  "metadata": {
    "author": "pesuclassof2025",
    "url": "https://www.reddit.com/r/PESU/comments/v2nm0k/attendance/",
    "permalink": "/r/PESU/comments/v2nm0k/attendance/",
    "score": 3,
    "created_utc": 1654107644,
    "flair": "Ask a Senior :redditgold:",
    "nsfw": false,
    "type": "submission"
  },
  "comments": [
    {
      "id": "iatpdba",
      "body": "Attend classes? Sounds like it could work"
    },
    {
      "id": "iavpb4s",
      "body": "Get into sports team reduces the bar to 75%"
    },
    {
      "id": "iavxary",
      "body": "Join a club where it's known they get away with lower attendance.\nOr attend classes."
    },
    {
      "id": "iawm347",
      "body": "👀😂"
    }
  ]
}