{
  "id": "v5fr0g",
  "title": "Are internal marks considered for supplementary exam?",
  "content": "",
  "metadata": {
    "author": "rageanddreams",
    "url": "https://www.reddit.com/r/PESU/comments/v5fr0g/are_internal_marks_considered_for_supplementary/",
    "permalink": "/r/PESU/comments/v5fr0g/are_internal_marks_considered_for_supplementary/",
    "score": 3,
    "created_utc": 1654443039,
    "flair": "Ask a Senior :redditgold:",
    "nsfw": false,
    "type": "submission"
  },
  "comments": [
    {
      "id": "ib9ut29",
      "body": "Nope"
    }
  ]
}