{
  "id": "vfq8g2",
  "title": "Can we get our own wifi in EC campus hostel?",
  "content": "",
  "metadata": {
    "author": "pokipokiloki",
    "url": "https://www.reddit.com/r/PESU/comments/vfq8g2/can_we_get_our_own_wifi_in_ec_campus_hostel/",
    "permalink": "/r/PESU/comments/vfq8g2/can_we_get_our_own_wifi_in_ec_campus_hostel/",
    "score": 4,
    "created_utc": 1655625479,
    "flair": "Ask a Senior :redditgold:",
    "nsfw": false,
    "type": "submission"
  },
  "comments": [
    {
      "id": "id17t9s",
      "body": "Pls help."
    },
    {
      "id": "id5zfb6",
      "body": "Hey!\n\nI am assuming you mean getting a person hotspot in the form of a dongle...\n\nIf that, yes you can"
    },
    {
      "id": "id5zoqw",
      "body": "No broadband service like ACT , Jio fiber."
    },
    {
      "id": "id5zu7s",
      "body": "No chance 😂\n\nI suggest getting an Airtel sim, it works best in Bangalore"
    },
    {
      "id": "id9ipv2",
      "body": "🥲"
    },
    {
      "id": "ih2orzq",
      "body": "Airtel doesn't work in classrooms. 💀 Jio does the best here ig ;)"
    }
  ]
}