{
  "id": "vfwkgw",
  "title": "Labs...",
  "content": "I am a student from 2nd sem, I wanted to know how much do labs contribute to your overall gpa, considering that they have only 1 credit, and I'm not doing well in both of them (I currently am in physics cycle), so if anyone could clarify my query, it would be much appreciated.",
  "metadata": {
    "author": "Disastrous-Bug3412",
    "url": "https://www.reddit.com/r/PESU/comments/vfwkgw/labs/",
    "permalink": "/r/PESU/comments/vfwkgw/labs/",
    "score": 3,
    "created_utc": 1655649450,
    "flair": "Ask a Senior :redditgold:",
    "nsfw": false,
    "type": "submission"
  },
  "comments": [
    {
      "id": "icyd2a2",
      "body": "Well, labs are one place people usually get an S grade to help boost their GPA."
    }
  ]
}