{
  "id": "vg98jv",
  "title": "Attendance Issue",
  "content": "Could anyone tell what happens if you don't have 85% attendance in a subject?\nWill it directly become a backlog or is there any procedure to get it sorted out?",
  "metadata": {
    "author": "Careful-Rate-5063",
    "url": "https://www.reddit.com/r/PESU/comments/vg98jv/attendance_issue/",
    "permalink": "/r/PESU/comments/vg98jv/attendance_issue/",
    "score": 6,
    "created_utc": 1655686856,
    "flair": "Ask a Senior :redditgold:",
    "nsfw": false,
    "type": "submission"
  },
  "comments": [
    {
      "id": "id0yvqc",
      "body": "You can sit for make up classes at the end and it will be sorted out"
    },
    {
      "id": "id3ad4x",
      "body": "Sit for make up classes or they'll make you withdraw the course if in any case with a lack of attendance you do write the ESA it's a straight backlog"
    },
    {
      "id": "idivtpy",
      "body": "Do they still do it?"
    },
    {
      "id": "idjfiew",
      "body": "No idea ..."
    },
    {
      "id": "idjids3",
      "body": "They aren't. I met the chemistry cycle head. She told my only option is withdraw all subjects :/"
    }
  ]
}