{
  "id": "vgeapf",
  "title": "Anyone starting B.Des this upcoming academic year?",
  "content": "Hi! My admission to PES University for a BDes in Product Design is all but finalized, and I thought I'd ask around here if anybody else is beginning their first year of the course in the upcoming months. Would love to converse with any such people!",
  "metadata": {
    "author": "riteshua",
    "url": "https://www.reddit.com/r/PESU/comments/vgeapf/anyone_starting_bdes_this_upcoming_academic_year/",
    "permalink": "/r/PESU/comments/vgeapf/anyone_starting_bdes_this_upcoming_academic_year/",
    "score": 2,
    "created_utc": 1655704435,
    "flair": "Discussion :snoo_shrug:",
    "nsfw": false,
    "type": "submission"
  },
  "comments": [
    {
      "id": "ie37zsp",
      "body": "Hi I'm still in 12th but I'll be giving entrance exams for design schools in January"
    },
    {
      "id": "jcixmcr",
      "body": "hey , if u had given b.des pessat , pls lemme know how u had prepared for it."
    }
  ]
}