{
  "id": "vgnvnv",
  "title": "How do I prepare for PESSAT?",
  "content": "",
  "metadata": {
    "author": "Why_Am_IUsingReddit",
    "url": "https://www.reddit.com/r/PESU/comments/vgnvnv/how_do_i_prepare_for_pessat/",
    "permalink": "/r/PESU/comments/vgnvnv/how_do_i_prepare_for_pessat/",
    "score": 3,
    "created_utc": 1655738350,
    "flair": "Study Help :table:",
    "nsfw": false,
    "type": "submission"
  },
  "comments": [
    {
      "id": "id2j5ix",
      "body": "Prepare for CET, and if you fall short, you're prepared for PESSAT."
    }
  ]
}