{
  "id": "vh5oph",
  "title": "PES girls hostel",
  "content": "Are shorts really not allowed in the PES girls hostel? What if you're going out?",
  "metadata": {
    "author": "North-Ad-5200",
    "url": "https://www.reddit.com/r/PESU/comments/vh5oph/pes_girls_hostel/",
    "permalink": "/r/PESU/comments/vh5oph/pes_girls_hostel/",
    "score": 3,
    "created_utc": 1655789078,
    "flair": "Ask a Senior :redditgold:",
    "nsfw": false,
    "type": "submission"
  },
  "comments": [
    {
      "id": "id5i6k1",
      "body": "Forget girls hostel, in the RR boys hostel they don't allow you. xD\n\nYou can wear whatever in your room, but you're supposed to follow dress code wherever security guards are present, like some hallways and when you enter/exit. \n\nI usually carry shorts in my bag when I really want to wear them, or I wear them in my room after attendance. \n\nI guess this doesn't really answer the girls hostel question, I can ask friends if you want. 😂"
    },
    {
      "id": "id5jz45",
      "body": "Ah thanks, I figure it'll be worse for girls."
    },
    {
      "id": "id5z848",
      "body": "In the girls hostel you are allowed to wear shorts inside the hostel freely..\n\nI don't think you are allowed to wear it as you go outside"
    },
    {
      "id": "ig5y4sj",
      "body": "You can wear shorts as long as you're not in the common areas like dining room or the study area. And the security usually reports you to the warden if you're found going out with shorts or \"inappropriate\" outfits"
    },
    {
      "id": "josij04",
      "body": "Hey! Are you a student currently? I wish to avail girls hostel this year, could you give me an idea/review?"
    },
    {
      "id": "ju7s30j",
      "body": "its honestly not worth it...for 1L for 10 months the food is mid, plus the 7pm curfew realllllllllly gets to you"
    }
  ]
}