{
  "id": "vir66w",
  "title": "negative marking?",
  "content": "Does PESSAT have negative marking? Some websites say it is there some say don't",
  "metadata": {
    "author": "akash_j8",
    "url": "https://www.reddit.com/r/PESU/comments/vir66w/negative_marking/",
    "permalink": "/r/PESU/comments/vir66w/negative_marking/",
    "score": 5,
    "created_utc": 1655969291,
    "flair": "Ask a Senior :redditgold:",
    "nsfw": false,
    "type": "submission"
  },
  "comments": [
    {
      "id": "idemo15",
      "body": "Nope no negative"
    },
    {
      "id": "ideuya1",
      "body": "Is the portion 70% 12 and 30% 11? Or is it a perfect 50-50"
    },
    {
      "id": "idex9tk",
      "body": "No, Pessat doesn’t have negative marking, but say 2 ppl got the same marks then the person who made less mistakes will have a better rank"
    },
    {
      "id": "ie218g3",
      "body": "no negative marking"
    }
  ]
}