{
  "id": "vj6073",
  "title": "Is PESSAT 100% MCQ?",
  "content": "",
  "metadata": {
    "author": "Why_Am_IUsingReddit",
    "url": "https://www.reddit.com/r/PESU/comments/vj6073/is_pessat_100_mcq/",
    "permalink": "/r/PESU/comments/vj6073/is_pessat_100_mcq/",
    "score": 4,
    "created_utc": 1656015297,
    "flair": "Ask a Senior :redditgold:",
    "nsfw": false,
    "type": "submission"
  },
  "comments": [
    {
      "id": "idianok",
      "body": "Nope there's some numerical type questions as well and they throw them in randomly so when you feel good about some questions boom a numerical type is thrown at you ."
    },
    {
      "id": "idikb1v",
      "body": "You will have few fill in the blanks as well"
    },
    {
      "id": "iditpp1",
      "body": "And a few true and false questions too"
    }
  ]
}