{
  "id": "vjghmm",
  "title": "what's the procedure to submit medical certificate?",
  "content": "[deleted]",
  "metadata": {
    "author": "[deleted]",
    "url": "https://www.reddit.com/r/PESU/comments/vjghmm/whats_the_procedure_to_submit_medical_certificate/",
    "permalink": "/r/PESU/comments/vjghmm/whats_the_procedure_to_submit_medical_certificate/",
    "score": 3,
    "created_utc": 1656047080,
    "flair": "Ask a Senior :redditgold:",
    "nsfw": false,
    "type": "submission"
  },
  "comments": [
    {
      "id": "idivt69",
      "body": "/u/youmomtookmyballs, I have found an error in your post:\n\n > “attendance is at ~~its~~ [**it's**] all time”\n\nIn this comment, you, youmomtookmyballs, can say “attendance is at ~~its~~ [**it's**] all time” instead. ‘Its’ is possessive; ‘it's’ means ‘it is’ or ‘it has’.\n\n ^(This is an automated bot. I do not intend to shame your mistakes. If you think the errors which I found are incorrect, please contact me through DMs!)"
    },
    {
      "id": "idj4p2f",
      "body": "Hours per subject between the dates mentioned in the certificate are added to your attendance at the end of the sem. You need to staple a letter from your parent and hand it over to the department office. They'll take care of the rest."
    },
    {
      "id": "idjhyt3",
      "body": "Bot here being a grammar police while the OP is going through a really bad time.\n\nGood bot."
    },
    {
      "id": "idjofw0",
      "body": "That's.... That's not even correct...."
    }
  ]
}