{
  "id": "vjvk1r",
  "title": "is it possible to switch to mechanical from electrical?",
  "content": "[deleted]",
  "metadata": {
    "author": "[deleted]",
    "url": "https://www.reddit.com/r/PESU/comments/vjvk1r/is_it_possible_to_switch_to_mechanical_from/",
    "permalink": "/r/PESU/comments/vjvk1r/is_it_possible_to_switch_to_mechanical_from/",
    "score": 4,
    "created_utc": 1656096716,
    "flair": "Ask a Senior :redditgold:",
    "nsfw": false,
    "type": "submission"
  },
  "comments": [
    {
      "id": "idnkitg",
      "body": "Sure, it's possible. Only after first year though."
    },
    {
      "id": "idnq1jj",
      "body": "Well well well How the turntables..."
    }
  ]
}