{
  "id": "vnfy5i",
  "title": "What's the difference between drop and withdraw subjects?",
  "content": "",
  "metadata": {
    "author": "youmomtookmyballs",
    "url": "https://www.reddit.com/r/PESU/comments/vnfy5i/whats_the_difference_between_drop_and_withdraw/",
    "permalink": "/r/PESU/comments/vnfy5i/whats_the_difference_between_drop_and_withdraw/",
    "score": 1,
    "created_utc": 1656509609,
    "flair": "Ask a Senior :redditgold:",
    "nsfw": false,
    "type": "submission"
  },
  "comments": [
    {
      "id": "ie717bs",
      "body": "Afaik, \n\nDrop - Can't retake the subject you lose credits\nWithdraw - You can re-register and take exam next cycle\n\nYou cannot drop core subjects."
    },
    {
      "id": "ie72kxi",
      "body": "Can I drop foundation subjects?"
    },
    {
      "id": "ieab8wl",
      "body": "If I am not wrong, foundation courses are your core courses - can't be dropped (but you can withdraw)"
    }
  ]
}