{
  "id": "vodajz",
  "title": "Misplaced charger",
  "content": "[deleted]",
  "metadata": {
    "author": "[deleted]",
    "url": "https://www.reddit.com/r/PESU/comments/vodajz/misplaced_charger/",
    "permalink": "/r/PESU/comments/vodajz/misplaced_charger/",
    "score": 3,
    "created_utc": 1656608513,
    "flair": "Discussion :snoo_shrug:",
    "nsfw": false,
    "type": "submission"
  },
  "comments": [
    {
      "id": "ied1b9d",
      "body": "@pesu25_btech_confessions on instagram recently posted a post in which OP is asking for the person who took their charger to interact with them and return it. Not sure if it's the same person you're looking for but I hope this helps you."
    },
    {
      "id": "ieecrio",
      "body": "Yup same person."
    }
  ]
}