{
  "id": "vohmqy",
  "title": "How many marks approx should I aim for in PESSAT to get cse branch?",
  "content": "",
  "metadata": {
    "author": "imtootiredforthisugh",
    "url": "https://www.reddit.com/r/PESU/comments/vohmqy/how_many_marks_approx_should_i_aim_for_in_pessat/",
    "permalink": "/r/PESU/comments/vohmqy/how_many_marks_approx_should_i_aim_for_in_pessat/",
    "score": 7,
    "created_utc": 1656619783,
    "flair": "Discussion :snoo_shrug:",
    "nsfw": false,
    "type": "submission"
  },
  "comments": [
    {
      "id": "ieeibas",
      "body": "They don't announce marks, but around 170 should be good enough."
    },
    {
      "id": "ieeoc7g",
      "body": "okay thank you but the paper is out of 180 this year lol"
    },
    {
      "id": "ieg63e8",
      "body": "yeah I know and scoring 170 should get you the seat."
    },
    {
      "id": "iel83pw",
      "body": "Is there management quota or something?"
    },
    {
      "id": "ielrqbz",
      "body": "yeah my friend is planning on going there through that\n\n(i cant afford it lmao)"
    },
    {
      "id": "ielrsun",
      "body": "damn."
    }
  ]
}