{
  "id": "vp6jip",
  "title": "How will the classes be shuffled from 3rd sem onwards?",
  "content": "[deleted]",
  "metadata": {
    "author": "[deleted]",
    "url": "https://www.reddit.com/r/PESU/comments/vp6jip/how_will_the_classes_be_shuffled_from_3rd_sem/",
    "permalink": "/r/PESU/comments/vp6jip/how_will_the_classes_be_shuffled_from_3rd_sem/",
    "score": 7,
    "created_utc": 1656697489,
    "flair": "Ask a Senior :redditgold:",
    "nsfw": false,
    "type": "submission"
  },
  "comments": [
    {
      "id": "iehpgjj",
      "body": "Sections in each branch are sorted alphabetical wise, roughly 60 kids per class"
    },
    {
      "id": "iej36ij",
      "body": "It's not SRN wise ??"
    },
    {
      "id": "iek4uby",
      "body": "Alphabetical order was there because of Online Classes..."
    },
    {
      "id": "iek4vsl",
      "body": "It's very random, just fingers crossed and hope you get a good section!"
    },
    {
      "id": "iek72hq",
      "body": "Wasn't SRN wise for 2 batches after mine (2022)"
    },
    {
      "id": "iekykoi",
      "body": "I've heard that they try to balance the sections in terms of academic performance as well. \n\nSpecifically, all sections would have a similar number of students with 5-6CGPA, 6-7CGPA, 7-8CGPA, and so on."
    },
    {
      "id": "ienob26",
      "body": "Isn't SRN wise basically alphabetical? Or will they look at first name first and then last name?"
    },
    {
      "id": "ienp08a",
      "body": "Your SRN is alphabetical? If that's the case then SRN wise will be the same as normal alphabetical order.\n\nOur SRNs weren't alphabetical. And neither was our separation into classes in alphabetical order. Ours is distributed almost randomly into all the sections."
    }
  ]
}