{
  "id": "vpw8ku",
  "title": "does btech pes have any particular uniform?",
  "content": "",
  "metadata": {
    "author": "i_shivenn",
    "url": "https://www.reddit.com/r/PESU/comments/vpw8ku/does_btech_pes_have_any_particular_uniform/",
    "permalink": "/r/PESU/comments/vpw8ku/does_btech_pes_have_any_particular_uniform/",
    "score": 7,
    "created_utc": 1656781454,
    "flair": "Ask a Senior :redditgold:",
    "nsfw": false,
    "type": "submission"
  },
  "comments": [
    {
      "id": "ielqp4b",
      "body": "No"
    },
    {
      "id": "ielwja4",
      "body": "Yes, the uniform of depression and disappointment"
    },
    {
      "id": "ienne7r",
      "body": "Only if you choose to... #Formalz4eva"
    },
    {
      "id": "ienus6o",
      "body": "Formal Answer: No we don't, we aren't allowed to wear shorts/skirts, above knew stuff\n\nSome departments have lab uniforms which the department will provide"
    },
    {
      "id": "ienzzoc",
      "body": "It's the door to hell"
    }
  ]
}