{
  "id": "vqbjwt",
  "title": "Which subjects are offered in the third and fourth semesters for CSE?",
  "content": "Title says it all. I'm currently in my second semester. I'm aware that we might have different subjects, but it would still be helpful to know. If possible, I'd appreciate a few lines on how you found the subjects yourself. Thanks in advance!",
  "metadata": {
    "author": "ithaws012",
    "url": "https://www.reddit.com/r/PESU/comments/vqbjwt/which_subjects_are_offered_in_the_third_and/",
    "permalink": "/r/PESU/comments/vqbjwt/which_subjects_are_offered_in_the_third_and/",
    "score": 6,
    "created_utc": 1656831064,
    "flair": "Discussion :snoo_shrug:",
    "nsfw": false,
    "type": "submission"
  },
  "comments": [
    {
      "id": "iep717g",
      "body": "3rd Sem\n\nData Structures and Algorithms\n\nDigital Design and Computer Organization\n\nWeb Technologies\n\nAutomata and Formal languages logic\n\nStatistics for Data Science\n\n&#x200B;\n\n4th Sem\n\nDesign and Analysis of Algorithms\n\nComputer Networks\n\nMicroprocessors and Computer Architecture\n\nOperating System\n\nLinear Algebra\n\n&#x200B;\n\nYour Welcome"
    },
    {
      "id": "ies9p6z",
      "body": "Thank you! And no electives yet, right?"
    },
    {
      "id": "iesd54e",
      "body": "nope"
    },
    {
      "id": "iet54xe",
      "body": "no"
    },
    {
      "id": "if6uoy8",
      "body": "Wait. No math in 3rd sem?!"
    },
    {
      "id": "ifd7htw",
      "body": "Statistics is math based, somehow you wouldn't expect linear algebra in 4th sem to be simpler in terms of the math difficulty compared to statistics in 3rd sem but it is."
    },
    {
      "id": "ifdh6nl",
      "body": "Oh yeah, after one whole year of calculus, I’ve lost touch on other parts of math. Linear Algebra is simpler than statistics? Damn, but it’s believable. I have seen some weird stuff in the statistics part in 11th and 12th grade."
    },
    {
      "id": "ifg078o",
      "body": "When will we have electives then? 5th semester?"
    },
    {
      "id": "ifk9jmg",
      "body": "yes"
    }
  ]
}