{
  "id": "vqgqr4",
  "title": "Is there high competition for a B.Tech Biotechnology seat?",
  "content": " Writing PESSAT on July 10th and I'm worried AF. How easy is it to get a rank within 5K in PESSAT and how high is the competition for a Biotechnology seat? Do people want that seat, or are there vacancies? Please do tell.",
  "metadata": {
    "author": "kushnair2",
    "url": "https://www.reddit.com/r/PESU/comments/vqgqr4/is_there_high_competition_for_a_btech/",
    "permalink": "/r/PESU/comments/vqgqr4/is_there_high_competition_for_a_btech/",
    "score": 4,
    "created_utc": 1656851999,
    "flair": "Discussion :snoo_shrug:",
    "nsfw": false,
    "type": "submission"
  },
  "comments": [
    {
      "id": "iepbwz3",
      "body": "In 2019, the cutoff was around the rank 8000 (8484 to be exact), which isn't hard to get if you've prepared for any other entrance exam, so don't worry."
    },
    {
      "id": "iepfpao",
      "body": "well that was KCET or PESSAT?"
    },
    {
      "id": "iepfsp5",
      "body": "That was PESSAT, not sure about the CET cutoff though I'm sure it's somewhere on Google"
    },
    {
      "id": "iepfvnl",
      "body": "8k for PESSAT? damn"
    }
  ]
}