{
  "id": "vrrswl",
  "title": "Can I take civil engineering and then work my ass off and move up to Biotechnology in 1 year?",
  "content": "title. I think I'm eligible for civil engineering through KCET and then can I move up to Biotechnology? Is it difficult to do so? Do tell.",
  "metadata": {
    "author": "kushnair2",
    "url": "https://www.reddit.com/r/PESU/comments/vrrswl/can_i_take_civil_engineering_and_then_work_my_ass/",
    "permalink": "/r/PESU/comments/vrrswl/can_i_take_civil_engineering_and_then_work_my_ass/",
    "score": 4,
    "created_utc": 1657004141,
    "flair": "Discussion :snoo_shrug:",
    "nsfw": false,
    "type": "submission"
  },
  "comments": [
    {
      "id": "iexu8j2",
      "body": "Lol pesu doesn't hav civil!!!!"
    },
    {
      "id": "ifqcw87",
      "body": "PESU stopped Civil Engineering last year xD"
    }
  ]
}