{
  "id": "vsnz9x",
  "title": "CIE course 3rd sem",
  "content": "What do they ask in online assessment test to join for for CIE course and is this course worth it",
  "metadata": {
    "author": "pesuclassof2025",
    "url": "https://www.reddit.com/r/PESU/comments/vsnz9x/cie_course_3rd_sem/",
    "permalink": "/r/PESU/comments/vsnz9x/cie_course_3rd_sem/",
    "score": 8,
    "created_utc": 1657107664,
    "flair": "Study Help :table:",
    "nsfw": false,
    "type": "submission"
  },
  "comments": [
    {
      "id": "ifk3ev6",
      "body": "I am from the 2023 batch.\nFor us they asked who was our entrepreneurial idol, what characteristics are displayed by leaders, which startup sounds interesting and non technical stuff like that.\n\nIf you are a case student, i strongly recommend you to stay away from this course since you will regret it later.\n\nI took up for L1 and l2 and that has been the biggest regret.\nTake up mini proj ct and improve your technical skills as only those will help you in interviews"
    },
    {
      "id": "ifvganv",
      "body": "What is the mini proj ct? Is it available for 3rd semester?"
    }
  ]
}