{
  "id": "vsz2ef",
  "title": "Which subject should i concentrate mainly for pessat?",
  "content": "I have my exam in 3 days and I'm worried which subject should i focus more upon and which grade as well (11 or 12)",
  "metadata": {
    "author": "Why_Am_IUsingReddit",
    "url": "https://www.reddit.com/r/PESU/comments/vsz2ef/which_subject_should_i_concentrate_mainly_for/",
    "permalink": "/r/PESU/comments/vsz2ef/which_subject_should_i_concentrate_mainly_for/",
    "score": 3,
    "created_utc": 1657137728,
    "flair": "Study Help :table:",
    "nsfw": false,
    "type": "submission"
  },
  "comments": [
    {
      "id": "if5p0v8",
      "body": "Depends. What's your strong subject? I would recommend concentrating on maths and physics as they come for 60 marks each where as chemistry comes for 40 marks. Probably concentrate on your 12th as there are higher chances you could perfect it(unless you prepared for JEE in which case you would ace PESSAT and this whole answer is irrelevant lol). All the best!"
    }
  ]
}