{
  "id": "vtaozs",
  "title": "will pesu shuffle the students in 3rd sem based on 1st year cgpa?",
  "content": "",
  "metadata": {
    "author": "Cackler111",
    "url": "https://www.reddit.com/r/PESU/comments/vtaozs/will_pesu_shuffle_the_students_in_3rd_sem_based/",
    "permalink": "/r/PESU/comments/vtaozs/will_pesu_shuffle_the_students_in_3rd_sem_based/",
    "score": 5,
    "created_utc": 1657170941,
    "flair": "Discussion :snoo_shrug:",
    "nsfw": false,
    "type": "submission"
  },
  "comments": [
    {
      "id": "if6dxox",
      "body": "No u will have same sections"
    },
    {
      "id": "if6f8xm",
      "body": "Not based on cgpa, but department and alphabetical."
    }
  ]
}