{
  "id": "vtft1a",
  "title": "How was your PESSAT 2022?",
  "content": "About to write it in 3 days and kinda nervous. How was your exam though, in terms of difficulty when compared to KCET, and COMEDK and also how much are you expecting in marks?",
  "metadata": {
    "author": "kushnair2",
    "url": "https://www.reddit.com/r/PESU/comments/vtft1a/how_was_your_pessat_2022/",
    "permalink": "/r/PESU/comments/vtft1a/how_was_your_pessat_2022/",
    "score": 4,
    "created_utc": 1657191051,
    "flair": "Discussion :snoo_shrug:",
    "nsfw": false,
    "type": "submission"
  },
  "comments": [
    {
      "id": "if705ps",
      "body": "Difficulty was comedk level."
    },
    {
      "id": "if7ij2w",
      "body": "You sure? Cause people say it's Bitsat level"
    },
    {
      "id": "if7oqal",
      "body": "I myself gave both exams and bitsat also."
    },
    {
      "id": "if7ud5j",
      "body": "This motivates me my friend... Cause I find bitsat questions difficult to solve in a minute... If it's comedk/ cet level I might still have a chance... Did you give it this year? And how did your paper go?"
    },
    {
      "id": "if7uo1v",
      "body": "Yeah this year, chem was good but not sure but maths went bad."
    },
    {
      "id": "if7utfw",
      "body": "Any idea about marks verses rank? CSE ends at rank around 1200-1400 so idk how much marks are required"
    },
    {
      "id": "if7v6jj",
      "body": "Bruh thats why i am confused, result will come on 14 and \nI have manipal jaipur cse seat which i may lose because of it."
    },
    {
      "id": "if7vfzs",
      "body": "So what's your plan then?... I messed up my comedk because I just shifted to Bangalore and in the process couldn't study... I think if you are confident that you'll atleast get 120-130 only then it's worth risking the manipal seat"
    },
    {
      "id": "if7vj5k",
      "body": "Dm"
    }
  ]
}