{
  "id": "vu5tkf",
  "title": "How are the summer courses in pes?Is it worth the money?Do we get credits?",
  "content": "",
  "metadata": {
    "author": "Huckleberry-4915",
    "url": "https://www.reddit.com/r/PESU/comments/vu5tkf/how_are_the_summer_courses_in_pesis_it_worth_the/",
    "permalink": "/r/PESU/comments/vu5tkf/how_are_the_summer_courses_in_pesis_it_worth_the/",
    "score": 5,
    "created_utc": 1657268845,
    "flair": "Discussion :snoo_shrug:",
    "nsfw": false,
    "type": "submission"
  },
  "comments": [
    {
      "id": "ifdk6m2",
      "body": "They are pretty good and yes you do get credits (if you pick the courses which have credits)\n\nIn your final semester, when you have electives for 7 and 8 semesters, you can drop a few electives because you have claimed the credits already in summer.\n\nEg if you claim 4 credits in summer, you can drop 4 credits worth subject in 7th or 8th sem..."
    },
    {
      "id": "ifjz9yh",
      "body": "I took one up after my second year to help with some work I was doing over the summer. I found parts of it useful but it was also a bit crammed. It was 8 hours for 5 days iirc. \n\nThe big perk was that you can claim the credits in your final sem, so I didn't have to attend any classes then."
    }
  ]
}