{
  "id": "vwb1jv",
  "title": "PESSAT 2022 Discussion Thread",
  "content": "So now that PESSAT is over(and the results coming in 3 more days), share your experience and roughly how much you guys expect(tho they don't give you your marks).",
  "metadata": {
    "author": "NirosFlake",
    "url": "https://www.reddit.com/r/PESU/comments/vwb1jv/pessat_2022_discussion_thread/",
    "permalink": "/r/PESU/comments/vwb1jv/pessat_2022_discussion_thread/",
    "score": 6,
    "created_utc": 1657518246,
    "flair": "Discussion :snoo_shrug:",
    "nsfw": false,
    "type": "submission"
  },
  "comments": [
    {
      "id": "ifovldn",
      "body": "How is this information gonna be useful to you?"
    },
    {
      "id": "ifoy6yg",
      "body": "I'm pretty sure I've mentioned \"discussion thread\" in the title and i assume you know what a discussion thread is for :)"
    },
    {
      "id": "ifr4mw6",
      "body": "I think it went well for me. I hope I at least get cs at ec campus."
    },
    {
      "id": "ifwahat",
      "body": "When and at what time are the results coming?"
    }
  ]
}