{
  "id": "vwlopn",
  "title": "difference between pessat for jee main candidates and pessat?",
  "content": "Title",
  "metadata": {
    "author": "kashyapboi05",
    "url": "https://www.reddit.com/r/PESU/comments/vwlopn/difference_between_pessat_for_jee_main_candidates/",
    "permalink": "/r/PESU/comments/vwlopn/difference_between_pessat_for_jee_main_candidates/",
    "score": 3,
    "created_utc": 1657554820,
    "flair": "Rant :snoo_facepalm:",
    "nsfw": false,
    "type": "submission"
  },
  "comments": [
    {
      "id": "ifwa2gi",
      "body": "Money"
    },
    {
      "id": "ig56n74",
      "body": "isnt it same?"
    }
  ]
}