{
  "id": "vx7v1y",
  "title": "what does backlog do to your cv",
  "content": "",
  "metadata": {
    "author": "bomBshelL1ericson",
    "url": "https://www.reddit.com/r/PESU/comments/vx7v1y/what_does_backlog_do_to_your_cv/",
    "permalink": "/r/PESU/comments/vx7v1y/what_does_backlog_do_to_your_cv/",
    "score": 10,
    "created_utc": 1657621301,
    "flair": "Discussion :snoo_shrug:",
    "nsfw": false,
    "type": "submission"
  },
  "comments": [
    {
      "id": "ifv37rd",
      "body": "Unless you have not cleared it, it will show up.\nIf you have cleared it, then it won't show up"
    }
  ]
}