{
  "id": "vx8o0z",
  "title": "PES CSE CUTOFF JEE MAINS",
  "content": "TITLE, pls someone repond",
  "metadata": {
    "author": "kashyapboi05",
    "url": "https://www.reddit.com/r/PESU/comments/vx8o0z/pes_cse_cutoff_jee_mains/",
    "permalink": "/r/PESU/comments/vx8o0z/pes_cse_cutoff_jee_mains/",
    "score": 3,
    "created_utc": 1657624282,
    "flair": "Discussion :snoo_shrug:",
    "nsfw": false,
    "type": "submission"
  },
  "comments": [
    {
      "id": "ifucwhy",
      "body": "Last year i believe it was 98.6 percentile, sm1 correct me if I’m wrong."
    },
    {
      "id": "ifuhkq2",
      "body": "At that point isn't it better to take a better IIIT or NIT 💀"
    },
    {
      "id": "ifwaf70",
      "body": "Well yes but no\n\nDepends on the stream you get"
    },
    {
      "id": "ifyl045",
      "body": "Don't get a lot of good stuff with that percentile"
    },
    {
      "id": "ifyq2hp",
      "body": "Better than PES though, you can get cs in quite a few IIITs too."
    },
    {
      "id": "ij5oyor",
      "body": "Don't think you can get any of the good IITs though"
    }
  ]
}