{
  "id": "vy2jmv",
  "title": "PESSAT",
  "content": "[deleted]",
  "metadata": {
    "author": "[deleted]",
    "url": "https://www.reddit.com/r/PESU/comments/vy2jmv/pessat/",
    "permalink": "/r/PESU/comments/vy2jmv/pessat/",
    "score": 1,
    "created_utc": 1657716862,
    "flair": "Ask a Senior :redditgold:",
    "nsfw": false,
    "type": "submission"
  },
  "comments": [
    {
      "id": "ifzimk9",
      "body": "Might be tough , last year closed around 2.2k in second round. Someone correct me if I am wrong."
    },
    {
      "id": "ifzj6v3",
      "body": "no"
    }
  ]
}