{
  "id": "vy467q",
  "title": "Will I get CSE in first round with rank 856?",
  "content": "[deleted]",
  "metadata": {
    "author": "[deleted]",
    "url": "https://www.reddit.com/r/PESU/comments/vy467q/will_i_get_cse_in_first_round_with_rank_856/",
    "permalink": "/r/PESU/comments/vy467q/will_i_get_cse_in_first_round_with_rank_856/",
    "score": 5,
    "created_utc": 1657721468,
    "flair": "Discussion :snoo_shrug:",
    "nsfw": false,
    "type": "submission"
  },
  "comments": [
    {
      "id": "ifzsbrs",
      "body": "Might be tough in first round, but surely in second round you will get."
    },
    {
      "id": "ifztm0c",
      "body": "Hey I got a rank of 912 is it the same for me or no?"
    },
    {
      "id": "ifzuoku",
      "body": "As far as I remember CSE closed at 1050 or something in second round for Ring Road Campus and 2k for EC campus."
    },
    {
      "id": "ifzuoog",
      "body": "Unlikely in RR campus, but you might get at EC campus"
    },
    {
      "id": "ig0d7h8",
      "body": "so there is a chance...."
    },
    {
      "id": "ig0jels",
      "body": "thank you!"
    },
    {
      "id": "ig8y4bg",
      "body": "Last year it was 1057 in RR campus, in PESSAT 1st round it was 659 tho.."
    },
    {
      "id": "ig97y98",
      "body": "thank you, and so ill have to wait for second round? \n\nalso if u have the last year cutoffs could you please send it to me?"
    }
  ]
}