{
  "id": "vy6k4p",
  "title": "PESSAT ECE cutoff",
  "content": "What was the ece cutoff(both campuses) last year?",
  "metadata": {
    "author": "NirosFlake",
    "url": "https://www.reddit.com/r/PESU/comments/vy6k4p/pessat_ece_cutoff/",
    "permalink": "/r/PESU/comments/vy6k4p/pessat_ece_cutoff/",
    "score": 3,
    "created_utc": 1657727661,
    "flair": "Discussion :snoo_shrug:",
    "nsfw": false,
    "type": "submission"
  },
  "comments": [
    {
      "id": "ig0915z",
      "body": "I think it was 2.3k. Not sure"
    },
    {
      "id": "ig0h7ye",
      "body": "Seriously? Because cs at ec campus itself went till 2k."
    },
    {
      "id": "ig13nzk",
      "body": "2.7 k 2 nd round ecity campus"
    },
    {
      "id": "ig1hqvl",
      "body": "Thanks a lot"
    },
    {
      "id": "ig4c7po",
      "body": "I got 1770 rank. Is going to councelling worth it. I am considering ECE or CSE as options."
    },
    {
      "id": "ig4ek6j",
      "body": "You'll mostly get cs in electronic City campus and ece in rr campus so yeah you should go for it:)"
    },
    {
      "id": "ig4g9r1",
      "body": "Thanks for replying! I can't find last year cutoffs of PESSAT. How did you get to know the cutoffs??"
    },
    {
      "id": "ig8xyve",
      "body": "ECE RR campus was in the low 2300s and EC campus was in high 2700s (around 2780 ig)"
    },
    {
      "id": "igaxlwy",
      "body": "First round or second round?"
    }
  ]
}