{
  "id": "vyauaa",
  "title": "When is the cutoff gonna be released?",
  "content": "",
  "metadata": {
    "author": "Vengeance55",
    "url": "https://www.reddit.com/r/PESU/comments/vyauaa/when_is_the_cutoff_gonna_be_released/",
    "permalink": "/r/PESU/comments/vyauaa/when_is_the_cutoff_gonna_be_released/",
    "score": 3,
    "created_utc": 1657738487,
    "flair": "Discussion :snoo_shrug:",
    "nsfw": false,
    "type": "submission"
  },
  "comments": [
    {
      "id": "ig3llen",
      "body": "Cutoffs for branches aren't released. You need to infer from past closing ranks from previous years"
    }
  ]
}