{
  "id": "vyki4w",
  "title": "How are the faculty for CSE at RR campus right now?",
  "content": "Heard that a number of faculty left during Covid pandemic? Hope the good faculty have been retained?",
  "metadata": {
    "author": "anoopm88",
    "url": "https://www.reddit.com/r/PESU/comments/vyki4w/how_are_the_faculty_for_cse_at_rr_campus_right_now/",
    "permalink": "/r/PESU/comments/vyki4w/how_are_the_faculty_for_cse_at_rr_campus_right_now/",
    "score": 9,
    "created_utc": 1657764813,
    "flair": "Discussion :snoo_shrug:",
    "nsfw": false,
    "type": "submission"
  },
  "comments": [
    {
      "id": "ig3ljlo",
      "body": "Not only during COVID, faculty left this year as well. Also, it's the good faculty that left xD"
    },
    {
      "id": "ig91vyq",
      "body": "Thanks for your reply. Who are some of the good faculty that have left?"
    }
  ]
}