{
  "id": "vyq91x",
  "title": "When will counselling be held?",
  "content": "[deleted]",
  "metadata": {
    "author": "[deleted]",
    "url": "https://www.reddit.com/r/PESU/comments/vyq91x/when_will_counselling_be_held/",
    "permalink": "/r/PESU/comments/vyq91x/when_will_counselling_be_held/",
    "score": 7,
    "created_utc": 1657784795,
    "flair": "Discussion :snoo_shrug:",
    "nsfw": false,
    "type": "submission"
  },
  "comments": [
    {
      "id": "ig3xltk",
      "body": "23rd July"
    }
  ]
}