{
  "id": "vyzee3",
  "title": "Can I get ECE seat in Ring road campus with PESSAT exam rank 1800?",
  "content": "Title",
  "metadata": {
    "author": "Sea_Mail_2026",
    "url": "https://www.reddit.com/r/PESU/comments/vyzee3/can_i_get_ece_seat_in_ring_road_campus_with/",
    "permalink": "/r/PESU/comments/vyzee3/can_i_get_ece_seat_in_ring_road_campus_with/",
    "score": 5,
    "created_utc": 1657814563,
    "flair": "Discussion :snoo_shrug:",
    "nsfw": false,
    "type": "submission"
  },
  "comments": [
    {
      "id": "ig5ldl3",
      "body": "Yes"
    },
    {
      "id": "ig6b7tk",
      "body": "Last year cut off was 1500 so can I?"
    },
    {
      "id": "ig8xstz",
      "body": "It was 2300 in second round for RR, and 2700 for EC campus \n(ECE)"
    },
    {
      "id": "ig96517",
      "body": "Oh cool then"
    },
    {
      "id": "igaxd4y",
      "body": "How do you know??"
    },
    {
      "id": "igss2g2",
      "body": "Can you tell me the cutoffs for cs in the EC campus"
    }
  ]
}