{
  "id": "vz4oj3",
  "title": "Can we apply for a company having 7.5 GPA cut off, with a 7.49 GPA, or a company having 8 GPA cut off with a 7.99 GPA",
  "content": "",
  "metadata": {
    "author": "Away-Fix1386",
    "url": "https://www.reddit.com/r/PESU/comments/vz4oj3/can_we_apply_for_a_company_having_75_gpa_cut_off/",
    "permalink": "/r/PESU/comments/vz4oj3/can_we_apply_for_a_company_having_75_gpa_cut_off/",
    "score": 9,
    "created_utc": 1657828310,
    "flair": "Ask a Senior :redditgold:",
    "nsfw": false,
    "type": "submission"
  },
  "comments": [
    {
      "id": "ig88pe3",
      "body": "As far as I know, its an automated checking that takes place. As long as the CGPA you enter in the google form is more than the cutoff and is exactly what is there in their database, your name will show up in the list of people eligible for the test.\n\nSo rounding it might cause issues."
    },
    {
      "id": "ig906lw",
      "body": "Has their previously been any issues with it, for rounding off the difference of  .01 GPA, are the companies that particular?"
    },
    {
      "id": "igaz6bk",
      "body": "Before the list is even sent to the companies, you will be required to fill out a form sent by college. That's where they verify"
    }
  ]
}