{
  "id": "vziplt",
  "title": "EEE at PES rr campus",
  "content": "[deleted]",
  "metadata": {
    "author": "[deleted]",
    "url": "https://www.reddit.com/r/PESU/comments/vziplt/eee_at_pes_rr_campus/",
    "permalink": "/r/PESU/comments/vziplt/eee_at_pes_rr_campus/",
    "score": 8,
    "created_utc": 1657870360,
    "flair": "Discussion :snoo_shrug:",
    "nsfw": false,
    "type": "submission"
  },
  "comments": [
    {
      "id": "igcqljl",
      "body": "Usually, most companies looking to recruit CSE kids also allow ECE kids to take part in their placement tests. A few also allow EEE, but the intake is lesser. If you want to sit for the same companies as the CSE kids, then ECE is your best bet. \nCan't compare between the branches though since I'm from neither. But from whatever I've heard, ECE is really hard and EEE is a little easier."
    },
    {
      "id": "igjqjfs",
      "body": "You mean eee is hard and ece is comparatively easier?\nCause ive heard eee is the hardest lol"
    }
  ]
}