{
  "id": "vzmkfm",
  "title": "PES Ring road or PES Electronic city",
  "content": "Which has a better faculty and facilities?",
  "metadata": {
    "author": "Why_Am_IUsingReddit",
    "url": "https://www.reddit.com/r/PESU/comments/vzmkfm/pes_ring_road_or_pes_electronic_city/",
    "permalink": "/r/PESU/comments/vzmkfm/pes_ring_road_or_pes_electronic_city/",
    "score": 5,
    "created_utc": 1657885189,
    "flair": "Discussion :snoo_shrug:",
    "nsfw": false,
    "type": "submission"
  },
  "comments": [
    {
      "id": "igampnl",
      "body": "PES2021"
    },
    {
      "id": "igcr27y",
      "body": "There are already multiple threads here on this, but basically - \n\nCampus: EC \nActivities, Clubs, Fests, other opportunities: RR\nPlacements: Both take place together, so same\nFaculty: Except a few notable ones, neither campus has great teachers\n\nIf you are getting the same branch in both campuses, go for RR. But if you are getting your preferred branch in EC, choose branch over campus and pick EC."
    },
    {
      "id": "ighlzca",
      "body": "Wut"
    },
    {
      "id": "igj1c7k",
      "body": "Electronic City campus is spacious and new compared to RR campus which is pretty cramped up and opportunities are same ,the quality of students is definitely better in RR campus."
    }
  ]
}