{
  "id": "w071xv",
  "title": "When does hostel booking start for fresher batch of 2022? Need to understand this for managing payment of fees",
  "content": "Counselling is on 23rd July, when for CS, I will have to pay 4.2 lakhs (rank 1xx). When will the hostel allocation and payment of fees happen, because that would need another 1.35 to 1.5 lakhs. \n\nWould that be soon as counselling is over (i.e., in July) or closer to start of classes - i.e., late August/early September? Just need it to manage cashflow\n\nAlso, are the hostel fees refundable (if by some miracle JEE or BITSAT is much better in the 2nd attempt)?",
  "metadata": {
    "author": "anoopm88",
    "url": "https://www.reddit.com/r/PESU/comments/w071xv/when_does_hostel_booking_start_for_fresher_batch/",
    "permalink": "/r/PESU/comments/w071xv/when_does_hostel_booking_start_for_fresher_batch/",
    "score": 5,
    "created_utc": 1657942465,
    "flair": "Discussion :snoo_shrug:",
    "nsfw": false,
    "type": "submission"
  },
  "comments": [
    {
      "id": "igh9hyw",
      "body": "Nobody who stayed in PES hostel here?"
    },
    {
      "id": "igt0so8",
      "body": "So i guess hostel admissions starts alongside counseling...\n\nRegarding reimbursement, you gotta ask the hostel authorities as they keep changing the rules every year\n\nI suggest calling the hostel and getting accurate details"
    }
  ]
}