{
  "id": "w0bvkz",
  "title": "is 1700 rank in pessat sufficient for ECE at RR campus?",
  "content": "[deleted]",
  "metadata": {
    "author": "[deleted]",
    "url": "https://www.reddit.com/r/PESU/comments/w0bvkz/is_1700_rank_in_pessat_sufficient_for_ece_at_rr/",
    "permalink": "/r/PESU/comments/w0bvkz/is_1700_rank_in_pessat_sufficient_for_ece_at_rr/",
    "score": 2,
    "created_utc": 1657960300,
    "flair": "Ask a Senior :redditgold:",
    "nsfw": false,
    "type": "submission"
  },
  "comments": [
    {
      "id": "igdfl2o",
      "body": "yes. last year was 1.8k"
    },
    {
      "id": "igdftto",
      "body": "Second round right?"
    },
    {
      "id": "igdgbwn",
      "body": "yeah"
    },
    {
      "id": "igdjnhd",
      "body": "For ECE you're better of going to EC campus, especially if you want to make a career in ece"
    },
    {
      "id": "igdpw0u",
      "body": "Alright i am in sem 5 but i am curious as to why u say that, ece in ec btw 👀"
    },
    {
      "id": "igdq4i2",
      "body": "Idk man , i am ec campus ece, teachers there's a few who are great but ummm short tempered and everything negative u could ask for , some are great and good some are terrible, mark wise they won't give u a single marks , cs ik ppl who got even full on the internals this time my max was 27/30 when i did everything perfectly, attendance wise they didn't care for the last 2 sems for us , \nTeachers i rate 8/10, they are all smart, atleast most of them, some have a bad temper but well u can't have everything good can u"
    },
    {
      "id": "ige3ze6",
      "body": "The entire faculty has graduated from IISc or have studied there and have more industry presence than RR campus."
    },
    {
      "id": "igi51kl",
      "body": "nah man, theres someone who is but not the entire faculty , who said u this lol. industry presence yes idk if more than rr cause never been to rr"
    },
    {
      "id": "igijbb5",
      "body": "I was in RR and shifted to EC after seeing the disparity"
    }
  ]
}