{
  "id": "w0x7bl",
  "title": "will I get cse in ec campus or rr campus for my rank",
  "content": "I got 2517 rank.... Ik it's not much but is there any possibility of me getting cse in either rr campus or ec campus??",
  "metadata": {
    "author": "Zer0is1",
    "url": "https://www.reddit.com/r/PESU/comments/w0x7bl/will_i_get_cse_in_ec_campus_or_rr_campus_for_my/",
    "permalink": "/r/PESU/comments/w0x7bl/will_i_get_cse_in_ec_campus_or_rr_campus_for_my/",
    "score": 2,
    "created_utc": 1658026282,
    "flair": "Discussion :snoo_shrug:",
    "nsfw": false,
    "type": "submission"
  },
  "comments": [
    {
      "id": "ighscci",
      "body": "ECE maybe not CSE"
    },
    {
      "id": "ight2oh",
      "body": "You have a pretty thin chance of getting cse in ec campus"
    },
    {
      "id": "igi4f2j",
      "body": "Do you think I can get it with a rank of 1880"
    },
    {
      "id": "igi4g0m",
      "body": "Do you think I can get it with a rank of 1880"
    },
    {
      "id": "igi4nzi",
      "body": "Bro I don't really know. I am also PESSAT 2022 candidate. I got 177X rank but hoping for the best in either of the rounds."
    },
    {
      "id": "igi7kul",
      "body": "🤞"
    },
    {
      "id": "igibelr",
      "body": "Cse in rr still no, but cse in ec for sure"
    }
  ]
}