{
  "id": "w0y4kd",
  "title": "pessat counselling",
  "content": "I wanted to know that are ranks beyond 5k not allowed in counselling ? I know i wont get anything like cs or ece on 13k . \nOne more thing u have to pay full fees before the counselling ? Is it refundable or what",
  "metadata": {
    "author": "Less-Tap5291",
    "url": "https://www.reddit.com/r/PESU/comments/w0y4kd/pessat_counselling/",
    "permalink": "/r/PESU/comments/w0y4kd/pessat_counselling/",
    "score": 5,
    "created_utc": 1658029348,
    "flair": "Discussion :snoo_shrug:",
    "nsfw": false,
    "type": "submission"
  },
  "comments": [
    {
      "id": "igi433i",
      "body": "In first round , on 24 th it is only upto 6k. But I don't really know about second round. 2.7K was last year's cutoff for ECE in EC campus (second round)"
    },
    {
      "id": "igi6jht",
      "body": "5k*"
    },
    {
      "id": "igi6la6",
      "body": "Yea 5k my bad"
    },
    {
      "id": "ihbzv2w",
      "body": "how was the counselling? I didn't attend it....could I have gotten ECE with a rank of 2814?"
    },
    {
      "id": "ihc0cde",
      "body": "I guess \nMeri to 13k the i wasnt even eligible"
    },
    {
      "id": "l54qsfl",
      "body": "bhai mila tha aapko kuch pes mai??"
    }
  ]
}