{
  "id": "w1iyer",
  "title": "Placements!!!",
  "content": "How were the placements for the ppl who graduated in 2022(now)",
  "metadata": {
    "author": "luffyrulzz",
    "url": "https://www.reddit.com/r/PESU/comments/w1iyer/placements/",
    "permalink": "/r/PESU/comments/w1iyer/placements/",
    "score": 11,
    "created_utc": 1658095991,
    "flair": "Discussion :snoo_shrug:",
    "nsfw": false,
    "type": "submission"
  },
  "comments": [
    {
      "id": "igljg9s",
      "body": "[https://docs.google.com/spreadsheets/u/0/d/18BzbVvG80LRJ5p2jQdZ446IqL8rUbaEyrGxpOnW2PBY/htmlview#](https://docs.google.com/spreadsheets/u/0/d/18BzbVvG80LRJ5p2jQdZ446IqL8rUbaEyrGxpOnW2PBY/htmlview#)  \nThis isn't fully updated by the way, many got better packages, from what a senior told."
    },
    {
      "id": "iglln42",
      "body": "Yeah some of these numbers are definitely inaccurate/outdated but it gives a decent idea about PES placements."
    }
  ]
}