{
  "id": "w2o6oh",
  "title": "PESSAT Counselling",
  "content": "Good day seniors,   \n\n\nI've been told my PESSAT rank of 783 is an almost guaranteed seat in [B.Tech](https://B.Tech) CS.  \nI'm just here to ask you guys how reliable that information is:)",
  "metadata": {
    "author": "BLITZ_275",
    "url": "https://www.reddit.com/r/PESU/comments/w2o6oh/pessat_counselling/",
    "permalink": "/r/PESU/comments/w2o6oh/pessat_counselling/",
    "score": 2,
    "created_utc": 1658221740,
    "flair": "Discussion :snoo_shrug:",
    "nsfw": false,
    "type": "submission"
  },
  "comments": [
    {
      "id": "igr8g5a",
      "body": "You're confirmed a seat in the second round as per 2021 pessat cutoffs..first round went upto 60l-650 whereas second round went upto 1057..so no worries you're guaranteed a seat in the main campus cse branch"
    },
    {
      "id": "igrdn4d",
      "body": "What about 2020?"
    },
    {
      "id": "igrhgzw",
      "body": "that's great, thanks a lot :D"
    },
    {
      "id": "imy52cu",
      "body": "Could you please tell me to what PESSAT rank would round 2 of PES EC campus CSE go till? It has currently stopped at 2432 for round 1.  \nThanks"
    },
    {
      "id": "in6dgt9",
      "body": "Cant say anything brother..last year it stopped at 1.5k whereas this year it stopped at 2.4k due to the low turnout..and due to the kcet drama this year i have no clearcut idea at what rank it may stop"
    },
    {
      "id": "in6dhkj",
      "body": "Cant say anything brother..last year it stopped at 1.5k whereas this year it stopped at 2.4k due to the low turnout..and due to the kcet drama this year i have no clearcut idea at what rank it may stop"
    },
    {
      "id": "in7bf2n",
      "body": "Fair enough, thank you."
    }
  ]
}