{
  "id": "w2og2u",
  "title": "Admission query",
  "content": "So, I have secured a PESSAT rank of 783...but I've been informed that the fees for CET admissions are WAAAAY lower...so I just wanted to know if we can surrender our seats via PESSAT if we get seats through CET",
  "metadata": {
    "author": "BLITZ_275",
    "url": "https://www.reddit.com/r/PESU/comments/w2og2u/admission_query/",
    "permalink": "/r/PESU/comments/w2og2u/admission_query/",
    "score": 4,
    "created_utc": 1658222777,
    "flair": "Discussion :snoo_shrug:",
    "nsfw": false,
    "type": "submission"
  },
  "comments": [
    {
      "id": "igrdbuh",
      "body": "I am PESSAT 2022 candidate. Once you take the seat, you'll have to pay the admission fees in PESSAT counselling. After that as far as I know , unless you get seat in IIT/NIT , they won't refund the fees paid. !"
    },
    {
      "id": "igrf0qf",
      "body": "I think it was possible before as I know a couple of people who first got in through PESSAT and later changed to CET. You might still wanna confirm it with the college though."
    },
    {
      "id": "igrg1jo",
      "body": "Assuming you mean CET admission in PES itself, yes you can.  \nFor other colleges we had a deadline to surrender seat by that date."
    },
    {
      "id": "igrgczy",
      "body": "yes you can surrender the seats but dont expect 100% refund from pesu... expect like 80-90% refund"
    },
    {
      "id": "igrhj94",
      "body": "sure, thanks for the advice:)"
    },
    {
      "id": "igrhlrb",
      "body": "Yes, I did mean within PESU itself...thanks a lot:D"
    },
    {
      "id": "igwu69h",
      "body": "You can get admission through PESSAT, and then convert your seat to a KCET Quota seat later on. A lot of people did that among your direct seniors"
    },
    {
      "id": "igxruks",
      "body": "oh, that's fantastic...thanks a lot:D"
    }
  ]
}