{
  "id": "w2pin9",
  "title": "Can I get a CS seat? My rank is in the 3000s",
  "content": "",
  "metadata": {
    "author": "Why_Am_IUsingReddit",
    "url": "https://www.reddit.com/r/PESU/comments/w2pin9/can_i_get_a_cs_seat_my_rank_is_in_the_3000s/",
    "permalink": "/r/PESU/comments/w2pin9/can_i_get_a_cs_seat_my_rank_is_in_the_3000s/",
    "score": 8,
    "created_utc": 1658226860,
    "flair": "Discussion :snoo_shrug:",
    "nsfw": false,
    "type": "submission"
  },
  "comments": [
    {
      "id": "igrgktz",
      "body": "unless if you are really lucky, i am sorry to say and be blunt about it... its very unlikely you will get cse"
    }
  ]
}