{
  "id": "w2rqan",
  "title": "GPA in higher semesters",
  "content": "Why is it that people tell its difficult to score a high gpa after the first year?",
  "metadata": {
    "author": "Immortal____",
    "url": "https://www.reddit.com/r/PESU/comments/w2rqan/gpa_in_higher_semesters/",
    "permalink": "/r/PESU/comments/w2rqan/gpa_in_higher_semesters/",
    "score": 7,
    "created_utc": 1658234281,
    "flair": "Discussion :snoo_shrug:",
    "nsfw": false,
    "type": "submission"
  },
  "comments": [
    {
      "id": "igsb4m5",
      "body": "My SGPAs got significantly better after first year so it's very subjective and I'm not sure we can make a blanket statement like that."
    },
    {
      "id": "igsebre",
      "body": "I hope that’s the case for me too 😖"
    },
    {
      "id": "igt1jyg",
      "body": "According to me, it's because you are very new to the entire college study routine..\n\nYou need to get used to the entire new form of studying"
    },
    {
      "id": "igv558l",
      "body": "For me it was the opposite - higher sems were easier to score in than the first two. A lot of it has to do with just liking what you're studying, atleast for me.\n\nThat being said, it also depends on what you're studying. I don't think anyone will disagree with me when I say that ECE is the hardest engineering major and CSE is the easiest (and I did CSE lol)"
    }
  ]
}