{
  "id": "w3k3x3",
  "title": "Minor courses offered for 3rd sem",
  "content": "What are the minor courses offered in 3rd sem in 2022? ( Previous course knowledge is also welcome because I need a general idea)\n\nI'm in PESU EC campus",
  "metadata": {
    "author": "Cackler111",
    "url": "https://www.reddit.com/r/PESU/comments/w3k3x3/minor_courses_offered_for_3rd_sem/",
    "permalink": "/r/PESU/comments/w3k3x3/minor_courses_offered_for_3rd_sem/",
    "score": 8,
    "created_utc": 1658316996,
    "flair": "Study Help :table:",
    "nsfw": false,
    "type": "submission"
  },
  "comments": [
    {
      "id": "igy2e59",
      "body": "Would appreciate it if someone posted the courses offered for both campuses. (Isn't the syllabus the same for both the campuses?)"
    },
    {
      "id": "ih2atxu",
      "body": "Yeah it would be great if someone listed all the electives in 3rd sem we can choose and which one will be most beneficial in terms of Grades and skillset."
    },
    {
      "id": "ih7jd33",
      "body": "Uh you mean special topics? Electives are for 3rd year."
    }
  ]
}