{
  "id": "w4hdh7",
  "title": "Is there a freshers page on Instagram for the 2022-26 batch yet?",
  "content": "",
  "metadata": {
    "author": "riteshua",
    "url": "https://www.reddit.com/r/PESU/comments/w4hdh7/is_there_a_freshers_page_on_instagram_for_the/",
    "permalink": "/r/PESU/comments/w4hdh7/is_there_a_freshers_page_on_instagram_for_the/",
    "score": 4,
    "created_utc": 1658411873,
    "flair": "Discussion :snoo_shrug:",
    "nsfw": false,
    "type": "submission"
  },
  "comments": [
    {
      "id": "ih2klr4",
      "body": "Nah, Haven't seen one so far."
    },
    {
      "id": "ih3apg3",
      "body": "Firstly…hi Ritesh, \nSecondly…let the damn pessat counselling get over bro"
    },
    {
      "id": "ih5xel2",
      "body": "management quota also exists my g"
    },
    {
      "id": "ih6fkha",
      "body": "Fair enough, I'm in design, not engineering so that didn't cross my mind lmao"
    },
    {
      "id": "ih6fwpo",
      "body": "I just went to the campus…did you have your admissions today or sm? Cuz I saw some ppl at the admissions"
    },
    {
      "id": "ihawjty",
      "body": "Yeah, I'm guessing Thursday was for completing admissions of all students except engineering"
    },
    {
      "id": "ihayao5",
      "body": "I saw some ppl at admissions when I went to the campus on Friday…so I’m guessing there were multiple installments of admissions"
    },
    {
      "id": "ihaylus",
      "body": "Yeah there are different time slots per day as well"
    }
  ]
}