{
  "id": "w59xp3",
  "title": "Football?",
  "content": "So I saw a football pitch in the RR campus, and just wanted to ask if anyone plays football there casually? Or for ppl who are gonna join PESU, anyone plan to play football there casually?",
  "metadata": {
    "author": "BLITZ_275",
    "url": "https://www.reddit.com/r/PESU/comments/w59xp3/football/",
    "permalink": "/r/PESU/comments/w59xp3/football/",
    "score": 5,
    "created_utc": 1658494549,
    "flair": "Discussion :snoo_shrug:",
    "nsfw": false,
    "type": "submission"
  },
  "comments": [
    {
      "id": "ih6n8xz",
      "body": "Yes ppl do play football there, sometimes even in the short breaks."
    },
    {
      "id": "ih6nias",
      "body": "That’s fantastic:DD"
    }
  ]
}