{
  "id": "w5b297",
  "title": "good place to eat near PES? Im done with Domino's and Leon Grill",
  "content": "",
  "metadata": {
    "author": "Imsmortboi",
    "url": "https://www.reddit.com/r/PESU/comments/w5b297/good_place_to_eat_near_pes_im_done_with_dominos/",
    "permalink": "/r/PESU/comments/w5b297/good_place_to_eat_near_pes_im_done_with_dominos/",
    "score": 11,
    "created_utc": 1658497637,
    "flair": "Discussion :snoo_shrug:",
    "nsfw": false,
    "type": "submission"
  },
  "comments": [
    {
      "id": "ih6vfv5",
      "body": "Taaza Thindi"
    },
    {
      "id": "ih70qxm",
      "body": "Indira Canteen"
    },
    {
      "id": "ih7hnj9",
      "body": "Sutta gully xD"
    },
    {
      "id": "iha6sca",
      "body": "Masha Allah plate shawarma always hits the spot when you've got no classes in the afternoon"
    },
    {
      "id": "iha9dk6",
      "body": "If you need good options (little away from PES)\n\nBest bet is to go to Jayanagar\nOr take metro and scoot to MG Road/Church Street\n\nNear PES,\n•Sutta Galli (Ande ka Fanda)\n•Domino's\n•Leon Grill\n\nKinda near\n•Pump house\n•Tipsy Bull\n•Cafe Petrichor\n•Once upon a rooftop"
    },
    {
      "id": "ihb2lgc",
      "body": "Davangere benne dosa\n\nDream kitchen if it still exists😭\n\nVinnys"
    },
    {
      "id": "ihb778j",
      "body": "Nearest metro station and how far is it from the rr campus?"
    },
    {
      "id": "ihb7i5j",
      "body": "3.5KM"
    },
    {
      "id": "ihb7rgn",
      "body": "Nearest metro station?"
    },
    {
      "id": "ihb7spl",
      "body": "Mysore Road Metro Station\n\nForgot to write it xD"
    },
    {
      "id": "ihb8ywf",
      "body": "No worries.\n\nDoes the college provide shuttle service to and from the metro staion? Timings of the college? One more doubt is ece ar rv better than cse at msrit, bms or pesu?\n\nThank you in advance."
    }
  ]
}