{
  "id": "w5c80b",
  "title": "ECE Branch faculty, placements, etc",
  "content": "[deleted]",
  "metadata": {
    "author": "[deleted]",
    "url": "https://www.reddit.com/r/PESU/comments/w5c80b/ece_branch_faculty_placements_etc/",
    "permalink": "/r/PESU/comments/w5c80b/ece_branch_faculty_placements_etc/",
    "score": 8,
    "created_utc": 1658500676,
    "flair": "Ask a Senior :redditgold:",
    "nsfw": false,
    "type": "submission"
  },
  "comments": [
    {
      "id": "ihgulpq",
      "body": "Seniors..please answer this"
    },
    {
      "id": "ihj19ea",
      "body": "ECE has the most number of professors with a doctorate degree so the pedagogy is really good. Course might go a bit tough in second year but you can work on many interesting projects with the professors out here. Placements are pretty decent. Quite a few make into the core companies while most IT companies open their doors fully for ECE students as well. So there's ample opportunities out here. You can also consider doing a minor degree in CSE to ace IT interviews peacefully."
    }
  ]
}