{
  "id": "w6po18",
  "title": "EEE Internships & Placements",
  "content": "What is the internship and placement scene for EEE students and what has been the highest package for a EEE Student this year? Also how do you apply for internships",
  "metadata": {
    "author": "6084Ram",
    "url": "https://www.reddit.com/r/PESU/comments/w6po18/eee_internships_placements/",
    "permalink": "/r/PESU/comments/w6po18/eee_internships_placements/",
    "score": 11,
    "created_utc": 1658646625,
    "flair": "Ask a Senior :redditgold:",
    "nsfw": false,
    "type": "submission"
  },
  "comments": [
    {
      "id": "ihfj15y",
      "body": "It's okay okay. Keep your GPA up and work hard. During third year you'll get mails from the placement cell. Keep an eye out for them. If you don't want to continue in EEE, learn stuff related to the domain you want to get into."
    },
    {
      "id": "ihfolrj",
      "body": "so, in theory I have opportunity to get into IT firm, even though im from EEE?"
    },
    {
      "id": "ihfs6cg",
      "body": "Yes, absolutely! But you will have to learn related courses like Data Structures and all, that help you crack placement tests. Most of my batchmates did shift to software development, maybe just have a solid reason as to why you're not continuing with electrical."
    },
    {
      "id": "ihfu5x6",
      "body": "Thank you so much! Is it possible if I can DM you incase i have any further queries?"
    },
    {
      "id": "ihfuahe",
      "body": "Yes. Please do :)"
    },
    {
      "id": "ihgkg4h",
      "body": "Is it easy to go for an electronics oriented background rather than a CS oriented background in EEE?"
    },
    {
      "id": "ihtx2gz",
      "body": "Absolutely. You can do specializations that lead you to your career goal."
    }
  ]
}