{
  "id": "w6ruiq",
  "title": "Proof of Admission?",
  "content": "I participated in online counseling yesterday and got a CSE seat. The lady doing the online counseling told me my seat was confirmed. Did any of you guys get a provisional allotment letter or something? I haven't gotten anything yet.",
  "metadata": {
    "author": "Spadeandspoons",
    "url": "https://www.reddit.com/r/PESU/comments/w6ruiq/proof_of_admission/",
    "permalink": "/r/PESU/comments/w6ruiq/proof_of_admission/",
    "score": 4,
    "created_utc": 1658655574,
    "flair": "Discussion :snoo_shrug:",
    "nsfw": false,
    "type": "submission"
  },
  "comments": [
    {
      "id": "ihjjnlo",
      "body": "Nope"
    },
    {
      "id": "ihjvpjc",
      "body": "Nope!"
    },
    {
      "id": "ihnp3ss",
      "body": "Thanks!"
    },
    {
      "id": "ihnp4d3",
      "body": "Thanks!"
    }
  ]
}