{
  "id": "w7iqcm",
  "title": "please guide!!",
  "content": "\nI got into pes cse ec campus and I took bio instead of cs in 11th and 12th \nWill that be a problem and how can I improve or start learning basic cs concepts before college starts",
  "metadata": {
    "author": "Strange-Slide-5300",
    "url": "https://www.reddit.com/r/PESU/comments/w7iqcm/please_guide/",
    "permalink": "/r/PESU/comments/w7iqcm/please_guide/",
    "score": 4,
    "created_utc": 1658735124,
    "flair": "Ask a Senior :redditgold:",
    "nsfw": false,
    "type": "submission"
  },
  "comments": [
    {
      "id": "ihk4e6q",
      "body": "Nope, that won't be an issue at all, just keep learning on the go from the first year itself! It doesn't matter if you didn't study CSE in 11th and 12th coz what they teach you in those 2 years can be covered within 2 weeks in college."
    },
    {
      "id": "ihk4h5f",
      "body": "Thanks a lot!"
    },
    {
      "id": "ihla98f",
      "body": "Hey even I was a bio student and got cs in the ec campus in the first round. I only know basic python and did a C from cs50 (I've forgotten a chunk of it now)"
    }
  ]
}