{
  "id": "w7iur4",
  "title": "Regarding Special Topics for 3rd sem",
  "content": "What are the options provided for Special Topic ? are they branch specific ? are they worth it ?",
  "metadata": {
    "author": "lazybu0y",
    "url": "https://www.reddit.com/r/PESU/comments/w7iur4/regarding_special_topics_for_3rd_sem/",
    "permalink": "/r/PESU/comments/w7iur4/regarding_special_topics_for_3rd_sem/",
    "score": 7,
    "created_utc": 1658735584,
    "flair": "Ask a Senior :redditgold:",
    "nsfw": false,
    "type": "submission"
  },
  "comments": [
    {
      "id": "ihk2kbg",
      "body": "For us they offered \nC++, Unix programming, R programming, Julia.(For CSE)\nYes it is branch specific . Yes, they are useful"
    },
    {
      "id": "ihk4888",
      "body": "Any idea what they offer for ece ?"
    },
    {
      "id": "ihk4awn",
      "body": "No idea for ece"
    },
    {
      "id": "ihk4iej",
      "body": "DS using Java, Intelligent Electronic Devices, Fourier Transforms, MATLAB Core, Mini Project was offered last year in ECE"
    },
    {
      "id": "ihk5ggy",
      "body": "Thanks thanks"
    },
    {
      "id": "ihklo20",
      "body": "What about ME?"
    },
    {
      "id": "iht8cfm",
      "body": "If you're interested in doing research and you're considering higher studies, mini projects offer a good opportunity to do some introductory research if your prof and problem statement are good."
    },
    {
      "id": "iim3qz5",
      "body": "Do these ST have isa esa and like do they count for the final cgpa ??"
    },
    {
      "id": "iimippj",
      "body": "Yes. They carry 2 credits. These subjects may or may not have ISAs, some professors will give you assignments with more weightage instead of ISA. ESAs may be written or project based, depends on the professor"
    }
  ]
}