{
  "id": "w7j45j",
  "title": "does pes electronic city campus have clubs",
  "content": "i am a 12th grader aspiring to join pes university.\n\ni think with my rank i will get only ec campus.\n\ni just wanted to know if ec campus has clubs and extra curricular activities.\n\ncan anyone explain about the clubs in ec campus.\n\nthank you",
  "metadata": {
    "author": "silverstien_e",
    "url": "https://www.reddit.com/r/PESU/comments/w7j45j/does_pes_electronic_city_campus_have_clubs/",
    "permalink": "/r/PESU/comments/w7j45j/does_pes_electronic_city_campus_have_clubs/",
    "score": 4,
    "created_utc": 1658736554,
    "flair": "Ask a Senior :redditgold:",
    "nsfw": false,
    "type": "submission"
  },
  "comments": [
    {
      "id": "ihk1s92",
      "body": "Yes they do\n\nThere are an ample amount of events but i don't think they match the scale and quantity of RR campus"
    },
    {
      "id": "ihkh81j",
      "body": "[https://clubs.pes.edu/campus/pes-university-ec-campus](https://clubs.pes.edu/campus/pes-university-ec-campus)\n\nhere are all the pes ec clubs"
    }
  ]
}