{
  "id": "w7khl6",
  "title": "When is Pes going to held counselling round in pune?",
  "content": "",
  "metadata": {
    "author": "Beautiful_Fennel_355",
    "url": "https://www.reddit.com/r/PESU/comments/w7khl6/when_is_pes_going_to_held_counselling_round_in/",
    "permalink": "/r/PESU/comments/w7khl6/when_is_pes_going_to_held_counselling_round_in/",
    "score": 2,
    "created_utc": 1658741705,
    "flair": "Discussion :snoo_shrug:",
    "nsfw": false,
    "type": "submission"
  },
  "comments": [
    {
      "id": "ihk72be",
      "body": "I don't think they're gonna have a round in Pune, you'll either have to come to Bangalore or try online. But I think first round of counseling is over, so send the management an email and they'll be able to better assist you."
    },
    {
      "id": "ihk8g81",
      "body": "Thanks I’ll look forward to it!"
    },
    {
      "id": "ihkbzji",
      "body": "No. 1st councelling session is over."
    }
  ]
}