{
  "id": "w7kpmt",
  "title": "1st year",
  "content": "Hi guys \nAs far as I know last year people received a information booklet after the councelling process was over \nBut this time it was not there ... so can someone pls share the syllabus and what books to buy for which subject",
  "metadata": {
    "author": "Strange-Slide-5300",
    "url": "https://www.reddit.com/r/PESU/comments/w7kpmt/1st_year/",
    "permalink": "/r/PESU/comments/w7kpmt/1st_year/",
    "score": 8,
    "created_utc": 1658742555,
    "flair": "Study Help :table:",
    "nsfw": false,
    "type": "submission"
  },
  "comments": [
    {
      "id": "ihkh3es",
      "body": "if you want the full syllabus + notes, ppts and study materials, its all stored here :-\n\n[https://discord.gg/XyyYVaMuJe](https://discord.gg/XyyYVaMuJe)\n\nselect 1st sem year role"
    },
    {
      "id": "ihki4gi",
      "body": "thank you so much"
    },
    {
      "id": "ihkxil0",
      "body": "Thank you!"
    },
    {
      "id": "ihlvre7",
      "body": "Thank you !!"
    }
  ]
}