{
  "id": "w8j9ls",
  "title": "New Discord server for 2026 atch",
  "content": "[https://discord.gg/YXQjBXb7Sw](https://discord.gg/YXQjBXb7Sw)\n\nLets socialise here! :)",
  "metadata": {
    "author": "avatar_aang07",
    "url": "https://www.reddit.com/r/PESU/comments/w8j9ls/new_discord_server_for_2026_atch/",
    "permalink": "/r/PESU/comments/w8j9ls/new_discord_server_for_2026_atch/",
    "score": 7,
    "created_utc": 1658840588,
    "flair": "Discussion :snoo_shrug:",
    "nsfw": false,
    "type": "submission"
  },
  "comments": [
    {
      "id": "ihpkfwx",
      "body": "Less go!"
    },
    {
      "id": "ihpwd96",
      "body": "commenting for visibility"
    },
    {
      "id": "ihqpdv5",
      "body": "Bro to login to website what's the username"
    },
    {
      "id": "ihqr0zl",
      "body": "discord? u can keep whatever username u want there"
    },
    {
      "id": "ihtk75i",
      "body": "Not. Discord, the pesu academy website"
    },
    {
      "id": "ihucnfr",
      "body": "You have to do forget password and then enter the prn they have given to u. Youll receive your password in mail"
    }
  ]
}