{
  "id": "w8rjgo",
  "title": "what us minimum CGPA cut-off for research internship in PESU research labs like IFSCR ?",
  "content": "I would like to join as an intern in one of the research labs, therefore I would like to know if it has a cut-off. Im a 2nd sem student going to 3rd sem.",
  "metadata": {
    "author": "Safe-Bee6680",
    "url": "https://www.reddit.com/r/PESU/comments/w8rjgo/what_us_minimum_cgpa_cutoff_for_research/",
    "permalink": "/r/PESU/comments/w8rjgo/what_us_minimum_cgpa_cutoff_for_research/",
    "score": 6,
    "created_utc": 1658860955,
    "flair": "Study Help :table:",
    "nsfw": false,
    "type": "submission"
  },
  "comments": [
    {
      "id": "ihsvb0w",
      "body": "try emailing one of prof working there"
    }
  ]
}