{
  "id": "w96cli",
  "title": "Masters abroad",
  "content": "If a non-cs student wants to pursue their masters in cs abroad, do universities check their cs minors grades? Also how does one need to prepare if they would like to pursue their masters abroad?",
  "metadata": {
    "author": "Huckleberry-4915",
    "url": "https://www.reddit.com/r/PESU/comments/w96cli/masters_abroad/",
    "permalink": "/r/PESU/comments/w96cli/masters_abroad/",
    "score": 8,
    "created_utc": 1658900334,
    "flair": "Ask a Senior :redditgold:",
    "nsfw": false,
    "type": "submission"
  },
  "comments": [
    {
      "id": "ihtr39l",
      "body": "Not sure about first half, but to study abroad in general you need LORs (letters of recommendation), SOPs (statement of purpose), relevant test scores (eg: GRE; this also depends on country and college iirc) and projects/internships/research papers as well as a good gpa (if this is low, the rest of things mentioned must be better)."
    },
    {
      "id": "ihtykuv",
      "body": "A lot of universities require you to have prerequisite course work in CS to be able to apply. The minor will let you satisfy those prerequisites. Some places will only ask you to report your Major/overall GPA, and other places may ask for your minor GPA separately. \n\nNot sure what year you're in, but if you're just starting out, keep your GPA high and just explore your interests. Doing interesting things like cool technical contests or getting involved with research is also a very good thing to do it you're looking to pursue an MS.\n\nI'm starting my MS in August, so feel free to send me a DM if you're looking for some specific info."
    }
  ]
}