{
  "id": "w9edxi",
  "title": "What is the username in pesu academy??",
  "content": "What is the username in pesu academy??",
  "metadata": {
    "author": "Sea_Mail_2026",
    "url": "https://www.reddit.com/r/PESU/comments/w9edxi/what_is_the_username_in_pesu_academy/",
    "permalink": "/r/PESU/comments/w9edxi/what_is_the_username_in_pesu_academy/",
    "score": 6,
    "created_utc": 1658927402,
    "flair": "Ask a Senior :redditgold:",
    "nsfw": false,
    "type": "submission"
  },
  "comments": [
    {
      "id": "ihukfe8",
      "body": "SRN or PRN"
    },
    {
      "id": "ihus6ze",
      "body": "Its your prn"
    },
    {
      "id": "ihvj8ie",
      "body": "What’s prn?"
    },
    {
      "id": "ihw50lx",
      "body": "PRN is the \"PESX20XXXXXX\"  \nSRN is the \"PESXUG22XXXX\""
    }
  ]
}