{
  "id": "wa1kek",
  "title": "Hadn't the COO mentioned that classes will commence from August 22nd?",
  "content": "",
  "metadata": {
    "author": "NirosFlake",
    "url": "https://i.redd.it/gk4vdalj09e91.jpg",
    "permalink": "/r/PESU/comments/wa1kek/hadnt_the_coo_mentioned_that_classes_will/",
    "score": 3,
    "created_utc": 1658987661,
    "flair": "Ask a Senior :redditgold:",
    "nsfw": false,
    "type": "submission"
  },
  "comments": [
    {
      "id": "ihyty30",
      "body": "Probably for 2nd year"
    }
  ]
}