{
  "id": "wa1l0b",
  "title": "Hadn't the COO mentioned that classes will commence from August 22nd?",
  "content": "",
  "metadata": {
    "author": "NirosFlake",
    "url": "https://i.redd.it/rrpuorwp09e91.jpg",
    "permalink": "/r/PESU/comments/wa1l0b/hadnt_the_coo_mentioned_that_classes_will/",
    "score": 4,
    "created_utc": 1658987720,
    "flair": "Discussion :snoo_shrug:",
    "nsfw": false,
    "type": "submission"
  },
  "comments": [
    {
      "id": "ihyhltj",
      "body": "Edit- the announcement could have been for 2nd year students so yeah I'm not sure."
    },
    {
      "id": "ihyhpan",
      "body": "Yea he said that and it came on the screen too that classes will start from Aug22!\n\nPerhaps you should change it to discussion flair."
    },
    {
      "id": "ihyieuj",
      "body": "No no it was for us newbies for sure"
    },
    {
      "id": "ihyita7",
      "body": "I read the article again and it mentioned the term \"next 3 years\". It was my bad for not reading the article clearly the first time."
    },
    {
      "id": "ihyl78u",
      "body": "It's from 10th Aug for 2nd year students."
    },
    {
      "id": "ihylmrk",
      "body": "maybe aug 22 was signifying the month and year"
    },
    {
      "id": "ihyltc5",
      "body": "They haven't even given a confirmation to whoever attended online counselling 😭 everytime i phone they say we'll get one in 2-3 days, they've been saying the same thing for the entire week! \n\nAs far as I know all the online counselling people are in the same boat."
    },
    {
      "id": "ihyp0on",
      "body": "Pretty sure this is for 2nd 3rd and 4th years, not for you freshers."
    },
    {
      "id": "ii0pxh1",
      "body": "Your semester starts on August 22nd, ours on August 10th"
    }
  ]
}