{
  "id": "wa5m3p",
  "title": "transportt",
  "content": "Hi guys \nHas anybody managed to book the transport online? \nI filled the application form multiple times but did not receive the payment link. The administration is not very helpful either!! Do we have to go to the campus to do this",
  "metadata": {
    "author": "Strange-Slide-5300",
    "url": "https://www.reddit.com/r/PESU/comments/wa5m3p/transportt/",
    "permalink": "/r/PESU/comments/wa5m3p/transportt/",
    "score": 9,
    "created_utc": 1659001935,
    "flair": "Discussion :snoo_shrug:",
    "nsfw": false,
    "type": "submission"
  },
  "comments": [
    {
      "id": "ihyzy3f",
      "body": "If anyone manged to do so please help"
    }
  ]
}