{
  "id": "wacin0",
  "title": "admission to cse hostel rr campus",
  "content": "I'm having a hard time to know about pes u hostel as they are not answering the questions. I want to know when the hostel admission will begin for first year students?",
  "metadata": {
    "author": "i_shivenn",
    "url": "https://www.reddit.com/r/PESU/comments/wacin0/admission_to_cse_hostel_rr_campus/",
    "permalink": "/r/PESU/comments/wacin0/admission_to_cse_hostel_rr_campus/",
    "score": 2,
    "created_utc": 1659021212,
    "flair": "Discussion :snoo_shrug:",
    "nsfw": false,
    "type": "submission"
  },
  "comments": [
    {
      "id": "ii0w1mv",
      "body": "Upto 3 days before class starts, so 19 Aug 2022, to move into the hostel. Need to being/buy your own mattress.\n\nBut you would need to meet the warden, introduce local guardian, buy the appln. form (Rs.100), fill it out and pay the hostel fee (Rs.1.35l or Rs.1.53l) before admission."
    },
    {
      "id": "ii0w4qb",
      "body": "When will this happen any specific date?"
    },
    {
      "id": "ii3jzzi",
      "body": "You need to complete the formalities before 19th Aug. It's on first come first serve basis"
    },
    {
      "id": "ii3qjav",
      "body": "are you sure classes are starting from 22nd aug? What about jee advanced?"
    },
    {
      "id": "ii5g4ho",
      "body": "Unfortunately, PES is least bothered about other college admission processes, with the possible exception of KCET. \n\nIn fact, I think they start early and collect fees upfront so that students give up on IIT/NIT/BITS as they have a confirmed seat and have locked up the tution fees in PES"
    },
    {
      "id": "ii7ve7c",
      "body": "Back during my admission time, the fees paid was refundable given that you got into any of those colleges you mentioned, or you got a seat via CET at PES for the same branch. Is it not the same anymore?"
    }
  ]
}