{
  "id": "waypoy",
  "title": "Career/Placement advice 6.45 CGPA CSE student in 7th Semester",
  "content": "A few days ago students of the seventh semester were called by the Pro Chancellor and he gave a speech about how hundreds of companies come for placements. But in the ppt which was displayed only students with 6.75 CGPA+ get placed... so is placements hopeless for me? should I give up on college placements?? please help if any senior or someone who has gone through this situation or someone who has any idea how I should proceed.. I am on the verge of giving up and I'm really depressed.",
  "metadata": {
    "author": "gutterscammer",
    "url": "https://www.reddit.com/r/PESU/comments/waypoy/careerplacement_advice_645_cgpa_cse_student_in/",
    "permalink": "/r/PESU/comments/waypoy/careerplacement_advice_645_cgpa_cse_student_in/",
    "score": 8,
    "created_utc": 1659081120,
    "flair": "Ask a Senior :redditgold:",
    "nsfw": false,
    "type": "submission"
  },
  "comments": [
    {
      "id": "ii3st5b",
      "body": "I guess you should be looking for service based companies. They usually don't ask for 7+ cgpa. If you are lucky you can apply for the hand few product companies who don't keep any cut off. Otherwise join a service based company and work for 1 year. At the same time prepare for interviews at product based companies. You can then attend hackathons or get a referral to get a good offer. I don't have any idea of your skills. If you have specialized in some sort of development or some data science you can look out for startups. They usually don't care much about your grades but you should be technically strong. This is your best bet but you need to be lucky and have strong skill set."
    },
    {
      "id": "ii3xexq",
      "body": "Yes. Infosys, Wipro, TCS etc."
    },
    {
      "id": "ii3yvxr",
      "body": "Can I dm you for advice?"
    }
  ]
}