{
  "id": "wazhyg",
  "title": "Classes are starting from 22nd aug?",
  "content": "[deleted]",
  "metadata": {
    "author": "[deleted]",
    "url": "https://www.reddit.com/r/PESU/comments/wazhyg/classes_are_starting_from_22nd_aug/",
    "permalink": "/r/PESU/comments/wazhyg/classes_are_starting_from_22nd_aug/",
    "score": 4,
    "created_utc": 1659084071,
    "flair": "Discussion :snoo_shrug:",
    "nsfw": false,
    "type": "submission"
  },
  "comments": [
    {
      "id": "ii3yztt",
      "body": "U shouldn't expect private colleges like pes to wait for completion of all public exams"
    }
  ]
}