{
  "id": "wb9q4x",
  "title": "Should I take EEE at pes or take a drop year?",
  "content": "I've heard EEE is really hard but the only reason ill take EEE is to try to change my department after 1st year to ece or cse but I'm not so sure, so will it be better if I take a drop year and aim for cse at NIT/BITS?",
  "metadata": {
    "author": "souljaboiiiii",
    "url": "https://www.reddit.com/r/PESU/comments/wb9q4x/should_i_take_eee_at_pes_or_take_a_drop_year/",
    "permalink": "/r/PESU/comments/wb9q4x/should_i_take_eee_at_pes_or_take_a_drop_year/",
    "score": 2,
    "created_utc": 1659113359,
    "flair": "Discussion :snoo_shrug:",
    "nsfw": false,
    "type": "submission"
  },
  "comments": [
    {
      "id": "ii5gbli",
      "body": "I think about the EEE part you're right. But taking a drop is your decision and I would recommend to not ask other people or on social media whether or not you should take a drop year.\n\nI am able to think from your perspective because I was in the same situation as you till I got CSE in PESU this year through PESSAT ( I flunked in JEE and COMEDK) (Thanks to PESSAT slot booking facility)"
    },
    {
      "id": "ii5pm8q",
      "body": "Changing of branches is a very optimistic scenario and is highly unlikely. Your seat can only be upgraded from EEE to CSE, if there are empty seats in CSE (this itself being highly unlikely), and if you do manage to find a few empty seats, you need to be at the absolute top of your entire branch (across both campuses) to upgrade. \n\nI obviously do not know you so I am not going to comment on your ability to do it, but based on previous trends, usually only 2-3 seats open up in every branch after the 1st year."
    },
    {
      "id": "iicja4a",
      "body": "Take a drop, or see if you can get cs anywhere else. Afaik changing your branch to cs is pretty tough."
    }
  ]
}