{
  "id": "wbr762",
  "title": "Placement Stats for 2022",
  "content": "Does anybody have the stats of this year's placements? Mostly interested in CSE placements",
  "metadata": {
    "author": "BarRepresentative923",
    "url": "https://www.reddit.com/r/PESU/comments/wbr762/placement_stats_for_2022/",
    "permalink": "/r/PESU/comments/wbr762/placement_stats_for_2022/",
    "score": 11,
    "created_utc": 1659163888,
    "flair": "Discussion :snoo_shrug:",
    "nsfw": false,
    "type": "submission"
  },
  "comments": [
    {
      "id": "ii8f894",
      "body": "Yea it should've been there for other people to see by now! \nThis year it was the first time RR campus and EC campus CSE placements took place together"
    },
    {
      "id": "ii8l7ue",
      "body": "Yeah seniors might have some sorta excel sheet or pdf related to Placements considering it should be over by now."
    },
    {
      "id": "ii9d1x5",
      "body": "https://imgur.com/a/gbj1nTV"
    },
    {
      "id": "ii9g9k3",
      "body": "What was the intake of PESU RR CSE+PESU EC CSE in 2018? Cuz only 815 students eligible?!? 🗿🗿"
    }
  ]
}