{
  "id": "wbvpdc",
  "title": "i got 2314 rank in KCET this year, can I get into pes ECity CSE?",
  "content": "",
  "metadata": {
    "author": "More_Scholar6180",
    "url": "https://www.reddit.com/r/PESU/comments/wbvpdc/i_got_2314_rank_in_kcet_this_year_can_i_get_into/",
    "permalink": "/r/PESU/comments/wbvpdc/i_got_2314_rank_in_kcet_this_year_can_i_get_into/",
    "score": 4,
    "created_utc": 1659181710,
    "flair": "Discussion :snoo_shrug:",
    "nsfw": false,
    "type": "submission"
  },
  "comments": [
    {
      "id": "ii91qcd",
      "body": "Yes\n\nEdit: Just checked the previous cutoffs. Could be hard actually. Any reservations?"
    },
    {
      "id": "ii939tx",
      "body": "Hmm probably not. Unless you have reservation."
    },
    {
      "id": "ii93alg",
      "body": "Hmm probably not. Unless you have reservation."
    },
    {
      "id": "ii93ur6",
      "body": "Alright thanks for the info"
    },
    {
      "id": "ii95eym",
      "body": "Most likely in further rounds of counselling but not in 1st round."
    },
    {
      "id": "ii9dg40",
      "body": "Edge case."
    },
    {
      "id": "ii9sahc",
      "body": "Nope... No reservations..."
    },
    {
      "id": "ii9scc8",
      "body": "Ahh all on God..."
    },
    {
      "id": "ii9sdep",
      "body": "Yeah... Let's see"
    },
    {
      "id": "iiciusk",
      "body": "Don't be too hopeful, but you can try. There is a chance but don't depend on it."
    }
  ]
}