{
  "id": "wbx6st",
  "title": "hostel availability",
  "content": "I've taken admission into cse rr campus and will be flying to Bangalore on 16th aug just wanted to know whether the hostel seats will be vacant or not please let me know.",
  "metadata": {
    "author": "i_shivenn",
    "url": "https://www.reddit.com/r/PESU/comments/wbx6st/hostel_availability/",
    "permalink": "/r/PESU/comments/wbx6st/hostel_availability/",
    "score": 3,
    "created_utc": 1659186555,
    "flair": "Discussion :snoo_shrug:",
    "nsfw": false,
    "type": "submission"
  },
  "comments": [
    {
      "id": "iim0mfg",
      "body": "Have you booked/paid any amount yet?"
    },
    {
      "id": "iim0yfi",
      "body": "No I can't they're not allowing me to book seats as I can't travel to Bangalore and they want the candidate one of parents and a local guardian (age >35)"
    },
    {
      "id": "iim11fu",
      "body": "Ah shit\n\nWhat are the hostel booking days as said by the hostel?"
    },
    {
      "id": "iim154s",
      "body": "They said you can come and book seat anytime before class begins if seats are vacant though"
    },
    {
      "id": "iim174o",
      "body": "Then it will be there, but your priority number will be low, you may not get the room you want"
    },
    {
      "id": "iim2efb",
      "body": "Can you please tell how many hostel seats are there in hostels?"
    }
  ]
}