{
  "id": "wbzr64",
  "title": "PESU 2022 Batch Placements Data",
  "content": "As the title says, follow this links to see the data:\n https://docs.google.com/spreadsheets/u/0/d/18BzbVvG80LRJ5p2jQdZ446IqL8rUbaEyrGxpOnW2PBY/htmlview#\n\nhttps://imgur.io/a/gbj1nTV",
  "metadata": {
    "author": "ChromaticChaos",
    "url": "https://www.reddit.com/r/PESU/comments/wbzr64/pesu_2022_batch_placements_data/",
    "permalink": "/r/PESU/comments/wbzr64/pesu_2022_batch_placements_data/",
    "score": 14,
    "created_utc": 1659194099,
    "flair": "ANNOUNCEMENT :snoo:",
    "nsfw": false,
    "type": "submission"
  },
  "comments": [
    {
      "id": "ii9o4f2",
      "body": "That is not fully updated/accurate, but does give a general picture.  \nHere are the final statistics from the college: [https://imgur.com/a/gbj1nTV](https://imgur.com/a/gbj1nTV)"
    },
    {
      "id": "ii9po9q",
      "body": "Awesome!\n\nWill add it to the main post too"
    },
    {
      "id": "iia0ptz",
      "body": "Hey bro can you tell me out of how many students 815 were eligible?"
    },
    {
      "id": "iia1778",
      "body": "95% iirc"
    },
    {
      "id": "iia1hrp",
      "body": "This year it was the first time PESU RR+EC campus placements took place together right? (CSE)"
    },
    {
      "id": "iica6wd",
      "body": "Yes. There are about 900-ish CSE kids across both campuses."
    },
    {
      "id": "iie1kzx",
      "body": "How many of these are from ec campus cse. Like I saw the 2021 data somewhere where tier 1 offers for rr campus were about 190 and for ec just about 15"
    },
    {
      "id": "iie8lfr",
      "body": "Maybe EC campus seniors can shed some light on the situation."
    },
    {
      "id": "iihyq63",
      "body": "Bro one thing. These placement stats are of 2018-2022 batch or 2019-2023 batch cuz placements happen at the end of 3rd year right."
    },
    {
      "id": "iihyyn6",
      "body": "2018-2022. Placements have concluded for us. \n\n2019-2023 placements have barely started. There are no stats available for them."
    },
    {
      "id": "iii0hqx",
      "body": "No actually 2019-2023 batch's  placements are done(3rd year ended). Some guy from that batch has also posted on this sub about his placements. So I am still confused about which batch's placement stats are these!"
    },
    {
      "id": "iii1833",
      "body": "No, their placements have just begun. Placements go on for Ane entire year. Yes, about 3-4 companies have visited and come have gotten PPOs from their summer internship as well. \nPlacements start in the last week of July in your final year, and go on all the way till June end. So if you graduate in 2022, your placements begin in July 2021 and end in June 2022. For the 2023 batch, their placements started 2 weeks ago and will end only in June 2023."
    },
    {
      "id": "iii1vnl",
      "body": "Ok so these are final placement stats of 2018-2022 batch then! Thank you bro , I've saved your comment for inferring further👍👍👌"
    },
    {
      "id": "ilfgcu0",
      "body": "Heyy can ee PPL really get time to do other stuff like coding and stuff or are they just too busy finishing their own syllabus"
    },
    {
      "id": "ilgvqmc",
      "body": "Bruh from second year 5 ISAs i.e. exam will be every other week."
    },
    {
      "id": "ilqis57",
      "body": "No fang companies apart from Apple??"
    },
    {
      "id": "ilqjk5f",
      "body": "Mang*"
    },
    {
      "id": "imetd2s",
      "body": "😶😶"
    },
    {
      "id": "in66z9j",
      "body": "it got deleted/not opening can you please share another link for the same"
    }
  ]
}