{
  "id": "wc7drh",
  "title": "Curriculum for EEE 1st year",
  "content": "What will we learn during the first year of EEE?",
  "metadata": {
    "author": "kushurox",
    "url": "https://www.reddit.com/r/PESU/comments/wc7drh/curriculum_for_eee_1st_year/",
    "permalink": "/r/PESU/comments/wc7drh/curriculum_for_eee_1st_year/",
    "score": 4,
    "created_utc": 1659215056,
    "flair": "Study Help :table:",
    "nsfw": false,
    "type": "submission"
  },
  "comments": [
    {
      "id": "iibut1m",
      "body": "its common engineering for all branches in 1st year"
    },
    {
      "id": "iic9vo2",
      "body": "That PES is a scam"
    },
    {
      "id": "iicb20w",
      "body": "Definitely shit for non cs branches. But I've heard cse rr is comparable to rv, bms, ramaiah."
    },
    {
      "id": "iicbryk",
      "body": "If possible could you share a document on previous first year 's syllabus?"
    },
    {
      "id": "iicdi7x",
      "body": "I think someone posted the link to a discord server here on a similar post. Maybe check that out."
    },
    {
      "id": "iid3wdo",
      "body": "You'll learn common engineering subjects along with other branches also. All 1st year students will be a part of the S&H Department. \n\nThe 1st years will be split into 2 batches..\n\nPhysics Cycle: Physics+Lab, Mechanical Engineering, Electrical, EVS\n\nChemistry Cycle: Chemistry+Lab, Mechanics, Electronics, Constitution \n\nYou will also have 2 Math Courses+MATLAB in your 1st year. You'll also have Python in your 1st sem and C Programming in your 2nd sem (including labs)\n\nFrom the exam point of view, you'll gave 2 ISAs(1hr CBT of 40 Marks with 2 units each), Assignments(10 marks component) and ESA(Final end sem 100 marks Pen-Paper exam)."
    }
  ]
}