{
  "id": "wcit6v",
  "title": "Data Science and Machine Learning.",
  "content": "How should I start learning Data Science and Machine Learning ie.: Courses related to it on Udemy or any particular Books or YouTube videos.",
  "metadata": {
    "author": "Illustrious-Egg-3183",
    "url": "https://www.reddit.com/r/PESU/comments/wcit6v/data_science_and_machine_learning/",
    "permalink": "/r/PESU/comments/wcit6v/data_science_and_machine_learning/",
    "score": 5,
    "created_utc": 1659251591,
    "flair": "Study Help :table:",
    "nsfw": false,
    "type": "submission"
  },
  "comments": [
    {
      "id": "iiddffy",
      "body": "dont"
    },
    {
      "id": "iihu60n",
      "body": "Take the Machine Learning course by Andrew Ng on Coursera. That should be your base."
    }
  ]
}