{
  "id": "wcqr77",
  "title": "B.Com fresher here, are laptops a necessity for the course, especially in the first year?",
  "content": "Asking because Prof. Jawahar said it's mandatory for all courses.\n\nAny advice is much appreciated!",
  "metadata": {
    "author": "WishIWasDead2004",
    "url": "https://www.reddit.com/r/PESU/comments/wcqr77/bcom_fresher_here_are_laptops_a_necessity_for_the/",
    "permalink": "/r/PESU/comments/wcqr77/bcom_fresher_here_are_laptops_a_necessity_for_the/",
    "score": 4,
    "created_utc": 1659279743,
    "flair": "Ask a Senior :redditgold:",
    "nsfw": false,
    "type": "submission"
  },
  "comments": [
    {
      "id": "iigoxq5",
      "body": "Yeah, mostly. You'll have lab and project component for every course if I'm not wrong. So I guess he's right."
    },
    {
      "id": "iih6srl",
      "body": "Thank you so much! I will act accordingly"
    }
  ]
}