{
  "id": "wde05y",
  "title": "Starting of classes for 1st year?",
  "content": "Are the classes starting from 10 or from 22 for 1st years?",
  "metadata": {
    "author": "sn0wcr4sh_",
    "url": "https://www.reddit.com/r/PESU/comments/wde05y/starting_of_classes_for_1st_year/",
    "permalink": "/r/PESU/comments/wde05y/starting_of_classes_for_1st_year/",
    "score": 4,
    "created_utc": 1659349612,
    "flair": "Discussion :snoo_shrug:",
    "nsfw": false,
    "type": "submission"
  },
  "comments": [
    {
      "id": "iihqdyq",
      "body": "22"
    },
    {
      "id": "ikjbtxe",
      "body": "First week of sept"
    }
  ]
}