{
  "id": "we0hey",
  "title": "What is an admission order?",
  "content": "Is it the confirmation email they sent us ? I called PES but they weren't really all that helpful.",
  "metadata": {
    "author": "Spadeandspoons",
    "url": "https://www.reddit.com/r/PESU/comments/we0hey/what_is_an_admission_order/",
    "permalink": "/r/PESU/comments/we0hey/what_is_an_admission_order/",
    "score": 5,
    "created_utc": 1659409391,
    "flair": "Discussion :snoo_shrug:",
    "nsfw": false,
    "type": "submission"
  },
  "comments": [
    {
      "id": "iilzvc5",
      "body": "Did they send you a mail telling you to sign up for the PesuAcademy?"
    },
    {
      "id": "iimfyrg",
      "body": "Yeah, I got an email. It didn't have any attached documents or anything though."
    },
    {
      "id": "iimg3p9",
      "body": "That alone should be enough. You should mostly be having a week of activities for the bootstrap. So you'll be getting mails about that too. Sign up to PesuAcademy. When classes start you'll get info about your cycles and sections too."
    },
    {
      "id": "iimgpbh",
      "body": "So a printed screenshot is enough? Btw this is in regard to the documents to submit to the college.\n\nhttps://pes.edu/documents-to-submit/"
    },
    {
      "id": "iimguyc",
      "body": "Hmm I don't recall this. Must be a new add on. Sorry don't know about the admission order"
    },
    {
      "id": "iimh6m7",
      "body": "K thanks anyway."
    }
  ]
}