{
  "id": "we45bs",
  "title": "Attendence in 3rd sem",
  "content": "What's the minimum attendence I've to maintain from 3rd sem , official number is 80% but that's too much.",
  "metadata": {
    "author": "Illustrious-Egg-3183",
    "url": "https://www.reddit.com/r/PESU/comments/we45bs/attendence_in_3rd_sem/",
    "permalink": "/r/PESU/comments/we45bs/attendence_in_3rd_sem/",
    "score": 4,
    "created_utc": 1659421249,
    "flair": "Discussion :snoo_shrug:",
    "nsfw": false,
    "type": "submission"
  },
  "comments": [
    {
      "id": "iim1k0e",
      "body": "Be happy they made it 80. It used to be 85 before"
    },
    {
      "id": "iim1roi",
      "body": "Happy for what exactly ? we've got 5 ISAs and 80% attendence, i don't know how people get time to do anything other than college stuff."
    },
    {
      "id": "iim2vow",
      "body": "Last sem we had 85% and 5ISAs, be happy you have some relaxation at least lmfao"
    },
    {
      "id": "iimvx7z",
      "body": "It's gets worse in 3rd year"
    }
  ]
}