{
  "id": "we4wtc",
  "title": "BMTC Bus routes to RR campus",
  "content": "Are there direct BMTC buses available from EC campus or bus stop near EC campus (Konappana Agrahara) to RR campus? If yes, would they be available early morning? Considering all the campus placements interviews are being held in RR campus and some of them would require us to report at 9:00 A.M., I was wondering if taking bus would be convenient for me(final year student).",
  "metadata": {
    "author": "Acrobatic_Still170",
    "url": "https://www.reddit.com/r/PESU/comments/we4wtc/bmtc_bus_routes_to_rr_campus/",
    "permalink": "/r/PESU/comments/we4wtc/bmtc_bus_routes_to_rr_campus/",
    "score": 8,
    "created_utc": 1659424065,
    "flair": "Discussion :snoo_shrug:",
    "nsfw": false,
    "type": "submission"
  },
  "comments": [
    {
      "id": "iipue3n",
      "body": "As a guy who has travelled between EC campus and RR more than 20 times, I can say that my preferred transport is a 600 bus (A/B/C/F) between electronic city (Konappana Agrahara) and Banashankari. These buses come every 10 minutes, and take an hour.\nThen at the Banashankari bus station, you board a 410 or MF-13 to PES college. These buses come every 10 minutes, and take 25 minutes. \n\nAnd go back the same way. \nFare will be ₹20+₹15.\nGood luck dude!"
    }
  ]
}