{
  "id": "wed7v7",
  "title": "Scholarship",
  "content": "What's the difference between MRD and CNR?  MRD is 40% of tuition fees how much is CNR?",
  "metadata": {
    "author": "FickleAd4141",
    "url": "https://www.reddit.com/r/PESU/comments/wed7v7/scholarship/",
    "permalink": "/r/PESU/comments/wed7v7/scholarship/",
    "score": 2,
    "created_utc": 1659450709,
    "flair": "Study Help :table:",
    "nsfw": false,
    "type": "submission"
  },
  "comments": [
    {
      "id": "iingi61",
      "body": "[https://pes.edu/scholarships/](https://pes.edu/scholarships/) \n\nMRD for top 20%(SGPA) and CNR for top 2%(SGPA).\n\nMRD is 40% of tuition fee for (x+2) semester(assuming you are in x semester), each semester is half your college fee(excluding the exam fee and stuff). Similarly CNR is 50% of (x+2) semester fee."
    },
    {
      "id": "iinkc44",
      "body": "Is the scholarship only for one semester?"
    },
    {
      "id": "iir3krq",
      "body": "No it's semester wise for all the semesters"
    },
    {
      "id": "iirau80",
      "body": "If someone gets into top20% for a single time , he'll get scholarship for all the remaining semesters?"
    },
    {
      "id": "iircaiv",
      "body": "No every sem you have to come in top 20 of the class to get scholarship for that sem"
    },
    {
      "id": "iis8v5o",
      "body": "what is DAC scholarship ? how much do they give under that ?"
    },
    {
      "id": "im031s2",
      "body": "2% of your section/stream or whole batch comprising all department students?"
    },
    {
      "id": "im0z9ha",
      "body": "1st year your cycle (phy/chem)  \n2nd year onwards your department."
    },
    {
      "id": "im2omhy",
      "body": "Thank you!"
    }
  ]
}