{
  "id": "wekpk5",
  "title": "Placement CGPA cut-off",
  "content": "What's the CGPA someone should maintain at the end of 3rd year to make the the CGPA cut-off for all the companies?",
  "metadata": {
    "author": "Illustrious-Egg-3183",
    "url": "https://www.reddit.com/r/PESU/comments/wekpk5/placement_cgpa_cutoff/",
    "permalink": "/r/PESU/comments/wekpk5/placement_cgpa_cutoff/",
    "score": 5,
    "created_utc": 1659468570,
    "flair": "Ask a Senior :redditgold:",
    "nsfw": false,
    "type": "submission"
  },
  "comments": [
    {
      "id": "iiq9piu",
      "body": "Is there a board requirement as well??"
    },
    {
      "id": "iiqsyag",
      "body": "6.5cgpa was the minimum requirement this year"
    },
    {
      "id": "iiqtdu9",
      "body": "What kinda companies have cutoff more than 8.5 ?"
    },
    {
      "id": "iir1tkz",
      "body": "Yea I read your comment. It had everything. So I commented something different 😅"
    },
    {
      "id": "iirjpmb",
      "body": "What if we lie between 7.5 and 8?"
    },
    {
      "id": "ij20bp7",
      "body": "Thanks for the info, The sgpa of which all semesters will be considered during placements?\nIs it only the first 5 sems or the first 6 sems?"
    },
    {
      "id": "ij23jg1",
      "body": "Okay, thank you sm"
    }
  ]
}