{
  "id": "wf02tf",
  "title": "Does PES offer a dual degree?",
  "content": "I scored very bad in PESSAT and might get ECE in Electronic city branch. I wanted to know if PES has and dual degree course like Btech in mathematics and computer science?",
  "metadata": {
    "author": "peanutbutterisbaee",
    "url": "https://www.reddit.com/r/PESU/comments/wf02tf/does_pes_offer_a_dual_degree/",
    "permalink": "/r/PESU/comments/wf02tf/does_pes_offer_a_dual_degree/",
    "score": 3,
    "created_utc": 1659511861,
    "flair": "Study Help :table:",
    "nsfw": false,
    "type": "submission"
  },
  "comments": [
    {
      "id": "iir6xvz",
      "body": "No. it has integrated b.tech-masters in one of the engineering fields. i think the masters can be done in the same field as minors (if you have taken one). not sure tho, check [pes.edu](https://pes.edu) for more details"
    }
  ]
}