{
  "id": "wf3dsc",
  "title": "3rd Year Guidance",
  "content": "How to do well in third year generally?Like aiming for 9 both sems(need to lmao),Capstone Work,Internships and stuff?Also what books and references were used for 5th sem?(I have taken HCI and BD as electives)",
  "metadata": {
    "author": "Basic_Ad_900",
    "url": "https://www.reddit.com/r/PESU/comments/wf3dsc/3rd_year_guidance/",
    "permalink": "/r/PESU/comments/wf3dsc/3rd_year_guidance/",
    "score": 8,
    "created_utc": 1659523714,
    "flair": "Discussion :snoo_shrug:",
    "nsfw": false,
    "type": "submission"
  },
  "comments": [
    {
      "id": "iisl7pl",
      "body": "Thank you so much for the answer!"
    },
    {
      "id": "iispzmg",
      "body": "Ahh okay Thank you so much for a valuable answer....I just had a few doubts...\n\nsoo...if I currently lie between 7.5 to 8  gpa,Will I be eligible to write for any companies for internship tests?Also I have a decent hold of DSA but can you suggest some sites where I can find prev year coding test questions to get a feel of the level?As for projects can we display our college projects too(along with projects I made outside of college)?"
    },
    {
      "id": "iiw92zx",
      "body": "Could any ece student clarify this doubt as well😅"
    }
  ]
}