{
  "id": "wf6nea",
  "title": "Need ALOT of answers",
  "content": "Hey yall, I got CS in EC campus through PESSAT and our batch will prolly start at 22nd of this month. Can anyone who just completed their first year please DM me or reply to this post since I have a lot of questions and the people I know are in their 3rd or 4th year.Cheers!\n\nEdit: Thanks guys, so many people have reached out to me and answered my questions, guess I'll be having a good time after all! ",
  "metadata": {
    "author": "T1603",
    "url": "https://www.reddit.com/r/PESU/comments/wf6nea/need_alot_of_answers/",
    "permalink": "/r/PESU/comments/wf6nea/need_alot_of_answers/",
    "score": 8,
    "created_utc": 1659533334,
    "flair": "Discussion :snoo_shrug:",
    "nsfw": false,
    "type": "submission"
  },
  "comments": [
    {
      "id": "iis48c4",
      "body": "you can DM me , i just finished 1st year ."
    },
    {
      "id": "iiydmdq",
      "body": "If you don't mind, can the OP summarise and put a comment having all the Questions and Answers\n\n\nWould help someone in need!"
    },
    {
      "id": "iiztk9s",
      "body": "Sure! I am a little busy at the moment, by Saturday(6th) evening I shall summarize here."
    },
    {
      "id": "ijazznw",
      "body": "There are way too many questions I asked and got answers to all of them. I can't put it all here, so please DM me if you have any questions."
    }
  ]
}