{
  "id": "wfwrcr",
  "title": "7th sem courses CSE",
  "content": "Received the course options for 7th sem CSE. Any senior who can give any kind of insights for these courses? Which would add value, levels of difficulty, etc.  \nCourse list:\n\nSpecial Topics:  \n\n1. **Research Methodology**\n2. **Software Testing**\n3. **Design of IoT solutions**\n\nDIS: MOOC/ Swayam:\n\n1. **Block Chain and its Applications** \n2. **Crypto currency Engineering and its design**\n3. **Web Security**\n4. **Distributed Systems**\n5. **Performance Engineering and software systems**\n6. **Computer Vision and Image Processing**",
  "metadata": {
    "author": "Still-Peanut-624",
    "url": "https://www.reddit.com/r/PESU/comments/wfwrcr/7th_sem_courses_cse/",
    "permalink": "/r/PESU/comments/wfwrcr/7th_sem_courses_cse/",
    "score": 12,
    "created_utc": 1659605508,
    "flair": "Discussion :snoo_shrug:",
    "nsfw": false,
    "type": "submission"
  },
  "comments": [
    {
      "id": "iiydeba",
      "body": "Not a CSE student, but  I would suggest taking up courses that are being offered by your college over the ones you can find online\n\nThe online courses will always be available but your college course won't..\n\nI took up 2 courses and 2 online courses (NPTEL) in my final semester, hence I feel the way I mentioned above\n\nGood luck"
    }
  ]
}