{
  "id": "wg6vi6",
  "title": "What are the portions for 1st sem and where to find em?",
  "content": "title",
  "metadata": {
    "author": "Sea_Mail_2026",
    "url": "https://www.reddit.com/r/PESU/comments/wg6vi6/what_are_the_portions_for_1st_sem_and_where_to/",
    "permalink": "/r/PESU/comments/wg6vi6/what_are_the_portions_for_1st_sem_and_where_to/",
    "score": 2,
    "created_utc": 1659633652,
    "flair": "Study Help :table:",
    "nsfw": false,
    "type": "submission"
  },
  "comments": [
    {
      "id": "iiycv87",
      "body": "I would suggest to wait and see it with your batchmates\n\nThe portions might be different from your seniors"
    },
    {
      "id": "iiyn5cp",
      "body": "In the mean time is it better to learn C++ or python for 1st year?"
    },
    {
      "id": "iiyoa62",
      "body": "Isn’t python taught in the first year?"
    },
    {
      "id": "iiz74r0",
      "body": "Ye. It is"
    },
    {
      "id": "ij6igcm",
      "body": "Python for sure regardless of which cycle you belong to in first sem, and c in second sem."
    }
  ]
}