{
  "id": "wg74wn",
  "title": "Asking a EEE Senior",
  "content": "Currently I'm in my 3rd sem for EEE l. It would be very helpful if I could get in touch with some of the EEE seniors/graduates if possible as I have a lot of doubts regarding this branch I'm going to take.",
  "metadata": {
    "author": "6084Ram",
    "url": "https://www.reddit.com/r/PESU/comments/wg74wn/asking_a_eee_senior/",
    "permalink": "/r/PESU/comments/wg74wn/asking_a_eee_senior/",
    "score": 3,
    "created_utc": 1659634305,
    "flair": "Ask a Senior :redditgold:",
    "nsfw": false,
    "type": "submission"
  },
  "comments": [
    {
      "id": "iiy4h9g",
      "body": "Shoot a dm boss"
    },
    {
      "id": "iiyc0xt",
      "body": "Please use a EEE user flair"
    },
    {
      "id": "ij0hq5z",
      "body": "Dm"
    },
    {
      "id": "l4ztvoz",
      "body": "Oops I'm late what do you need"
    },
    {
      "id": "l505ti1",
      "body": "Lol whatever doubts I had got clarified within these 3 sems🙃"
    },
    {
      "id": "l554367",
      "body": "Oof sorry about that"
    }
  ]
}