{
  "id": "wgw2ml",
  "title": "Questions regrading number of INTERNAL Assessments.",
  "content": "Hey,\n\nI have secured a seat at RR Campus(CSE) and wanted to know how many ISA exams we will have for my batch starting this month.\n\nI have read on reddit and elsewhere about the new 5 ISA system, However During the COUNSELLING Process we were told there would be 2 ISA and 1 ESA , thus leading to the confusion.\n\nIt would be great help if anyone could clarify.\n\nThank YOU ;)",
  "metadata": {
    "author": "ullas03",
    "url": "https://www.reddit.com/r/PESU/comments/wgw2ml/questions_regrading_number_of_internal_assessments/",
    "permalink": "/r/PESU/comments/wgw2ml/questions_regrading_number_of_internal_assessments/",
    "score": 4,
    "created_utc": 1659707617,
    "flair": "Ask a Senior :redditgold:",
    "nsfw": false,
    "type": "submission"
  },
  "comments": [
    {
      "id": "ij1yljq",
      "body": "In your first year, you will be following the 2 ISAs and 1 ESA system. From your second it will be the 5 ISAs and 1 ESAs schedule."
    },
    {
      "id": "ij270b8",
      "body": "Thank you for the response ...5 isa in a Sem seems a bit much...\nIf you are past your first year ..how often are the exams then ?? Every other week ?"
    },
    {
      "id": "ij29tee",
      "body": "I’m going to second year now. During our first year we followed 2 ISA schedule which will be the same for you. From second year we will follow the 5 ISAs schedule which will also be the same for you. \nIn the 5 ISA s system we will have an ISA once after every 2 weeks"
    }
  ]
}