{
  "id": "wht439",
  "title": "Can i participate in 2nd round",
  "content": "I haven't participated in first round nor paid the money, can I participate in 2nd counseling",
  "metadata": {
    "author": "covid-202o",
    "url": "https://www.reddit.com/r/PESU/comments/wht439/can_i_participate_in_2nd_round/",
    "permalink": "/r/PESU/comments/wht439/can_i_participate_in_2nd_round/",
    "score": 2,
    "created_utc": 1659805601,
    "flair": "Discussion :snoo_shrug:",
    "nsfw": false,
    "type": "submission"
  },
  "comments": [
    {
      "id": "ij7qd0g",
      "body": "Yes you can, same thing I did"
    },
    {
      "id": "ij7qf7i",
      "body": "Last year right and u didn't pay money too right till 2nd round"
    },
    {
      "id": "ija1nau",
      "body": "PESU unlike many other colleges/univs doesn't consider round-2 as a automatic slide/float round. It is just like a fresh round-1, everyone is welcome... subject to rank. They go rank by rank from lowest rank applying in round-2, to higher ranks based on vacancies confirmed."
    }
  ]
}