{
  "id": "whv0yc",
  "title": "2509 RANK",
  "content": "Any chance of getting cse at ec campus since round 1 cutoff for cse ec was 2431",
  "metadata": {
    "author": "covid-202o",
    "url": "https://www.reddit.com/r/PESU/comments/whv0yc/2509_rank/",
    "permalink": "/r/PESU/comments/whv0yc/2509_rank/",
    "score": 2,
    "created_utc": 1659810885,
    "flair": "Discussion :snoo_shrug:",
    "nsfw": false,
    "type": "submission"
  },
  "comments": [
    {
      "id": "ij7ur4r",
      "body": "PESSAT or KCET ?"
    },
    {
      "id": "ij7usni",
      "body": "Pessat"
    },
    {
      "id": "ij7vody",
      "body": "I'd say there might be a good chance you get cse at ec \nKcet results have come out so some might leave for that\nAnd the lower ranked students might get moved up to the rr campus too \nAll the best 😄"
    },
    {
      "id": "ij7vp4s",
      "body": "If the round-1 cutoff was indeed 2431 (assuming that you've got it from official site), I think there are very high chances as your rank is just \\~70 away. During round-1 counselling it was quite evident that there'd be quite a bit of churn the moment KCET results are out, and JEE(Mains) phase-2 results are out."
    },
    {
      "id": "ijb2odk",
      "body": "PESSAT?"
    },
    {
      "id": "ijb9ckx",
      "body": "It's pretty unlikely then"
    }
  ]
}