{
  "id": "wi8v69",
  "title": "bus route query",
  "content": "I got pes ec campus cs branch through pessat.\n \nWe plan to shift to a place from which I can conveniently commute to pes ec campus.\nDo you know of any such place?\n\nWe were planning somewhere near naganathapura/rayasandra? Does anybody know if there is a bus route to that area and which bus goes there? I didn't find any bus route to that place in pes site..",
  "metadata": {
    "author": "SizeJaded3971",
    "url": "https://www.reddit.com/r/PESU/comments/wi8v69/bus_route_query/",
    "permalink": "/r/PESU/comments/wi8v69/bus_route_query/",
    "score": 7,
    "created_utc": 1659853310,
    "flair": "Discussion :snoo_shrug:",
    "nsfw": false,
    "type": "submission"
  },
  "comments": [
    {
      "id": "ijol2zx",
      "body": "Any place which is just off Hosur road is good for conveniently commuting to EC campus. There are 100s of buses (public transport) that ply on this road, so if you can walk to Hosur road (and a bus stop) from your residence within 5min, that would be most ideal. It can be either North or South of the PES campus."
    }
  ]
}