{
  "id": "wiaz35",
  "title": "Commencement of classes",
  "content": "[removed]",
  "metadata": {
    "author": "Timbaggg256",
    "url": "https://www.reddit.com/r/PESU/comments/wiaz35/commencement_of_classes/",
    "permalink": "/r/PESU/comments/wiaz35/commencement_of_classes/",
    "score": 2,
    "created_utc": 1659861632,
    "flair": "Discussion :snoo_shrug:",
    "nsfw": false,
    "type": "submission"
  },
  "comments": [
    {
      "id": "ijafx1k",
      "body": "22nd Aug"
    },
    {
      "id": "ijag774",
      "body": "You might've attended online counseling because people who went for offline counselling were told 22nd Aug , but contact the Uni and confirm the date."
    }
  ]
}