{
  "id": "wib4y1",
  "title": "My rank in KCET is 2151. Is is possible for me to make it to CS in PES South Campus (EC)?",
  "content": "",
  "metadata": {
    "author": "SkywalkerPadawan512",
    "url": "https://www.reddit.com/r/PESU/comments/wib4y1/my_rank_in_kcet_is_2151_is_is_possible_for_me_to/",
    "permalink": "/r/PESU/comments/wib4y1/my_rank_in_kcet_is_2151_is_is_possible_for_me_to/",
    "score": 3,
    "created_utc": 1659862300,
    "flair": "Discussion :snoo_shrug:",
    "nsfw": false,
    "type": "submission"
  },
  "comments": [
    {
      "id": "ijb14tm",
      "body": "Check last year's statistics. You can get a clear idea."
    },
    {
      "id": "ijbcnw6",
      "body": "2170 was the cutoff in last year's second round."
    },
    {
      "id": "ijbcre1",
      "body": "Was just doubtful what would happen after the KCET repeaters' protest."
    },
    {
      "id": "ijetz4e",
      "body": "You might, if not in second round definetly in extended round"
    },
    {
      "id": "ijvstsf",
      "body": "Hmmm, I am not sure..."
    },
    {
      "id": "imxmzni",
      "body": "Any reservations \nFor my category cutoffs go till as high as 7000 in second round"
    }
  ]
}