{
  "id": "wj5wsu",
  "title": "Opinions needed",
  "content": "[deleted]",
  "metadata": {
    "author": "[deleted]",
    "url": "",
    "permalink": "/r/PESU/comments/wj5wsu/opinions_needed/",
    "score": 4,
    "created_utc": 1659956227,
    "flair": "Discussion :snoo_shrug:",
    "nsfw": false,
    "type": "submission"
  },
  "comments": [
    {
      "id": "ijfn2vw",
      "body": "I attended the first round counselling and got CSE in PESU EC Campus(I was in the 1200-2400 batch). The turnout was low as the other guy said and it was near 500/1200 for my batch. What I feel is ppl with 2000+ rank who didn't came in the first round(thinking that they won't get CSE) will come in the second round most prolly after seeing the cutoffs of the first round. \n\nWell that is just a possibility. You still have a very slim chance."
    },
    {
      "id": "ijfnqau",
      "body": "Go for the second round dude\n\nThere can be a chance to get your dream stream\n\nAnd you don't need to give up ECE for attending the second round"
    },
    {
      "id": "ijg8rlp",
      "body": "My rank is 2509 what's my chances"
    },
    {
      "id": "ijgicz4",
      "body": "Dont keep hopes on switching... The option is not always available evry year, and if it is, u need a gpa of 9.7 or 9.8+,and scoring 9+ itself is a huge deal in pes, \nSo, don't take ece if u r not interested hoping to study hard and stuff for branch, coz u never know what might happen.. And u will be stuck with ece for the remaining 3 yrs."
    },
    {
      "id": "ijgjt0x",
      "body": "Oh it's you lol, hi emo guy😙😙😙"
    },
    {
      "id": "ijgtcq1",
      "body": "hi emo guy"
    },
    {
      "id": "ijgyad6",
      "body": "how you recognise??????????????"
    },
    {
      "id": "ijgzm6l",
      "body": "i doxxed myself"
    },
    {
      "id": "ijjd9ly",
      "body": "My Pessat rank in 5386....what are my chances??"
    },
    {
      "id": "ijjdxft",
      "body": "My Pessat rank is 5386....what are my chances??"
    },
    {
      "id": "ijjrxb2",
      "body": "None"
    },
    {
      "id": "ijk51c1",
      "body": "Btw does anyone know when the second round might be tentative? Because classes start from 22nd itself (pessat people)"
    },
    {
      "id": "ijkixpx",
      "body": "Pretty sure sometime between 16th and 22nd. Since the last date to give up seat is 16th and classes start on 22nd."
    },
    {
      "id": "ijklwqh",
      "body": "None probably."
    },
    {
      "id": "ijuatgg",
      "body": "Classes are starting in sept. I contacted them for this."
    },
    {
      "id": "ijubt8s",
      "body": "Yepp since now the last date to submit originals is delayed to 29th. Round 2 will happen after 29th so classes will mostly start in mid September."
    }
  ]
}