{
  "id": "wjuvml",
  "title": "documents",
  "content": "Hi guys \nHave all the freshers ( who got a seat through pessat first councelling ) submitted their original documents \nI remember they said the last date was 16 th august \nSo can we wait till second councelling or no??",
  "metadata": {
    "author": "Strange-Slide-5300",
    "url": "https://www.reddit.com/r/PESU/comments/wjuvml/documents/",
    "permalink": "/r/PESU/comments/wjuvml/documents/",
    "score": 4,
    "created_utc": 1660022503,
    "flair": "Discussion :snoo_shrug:",
    "nsfw": false,
    "type": "submission"
  },
  "comments": [
    {
      "id": "ijjmxvh",
      "body": "I haven't submitted my original documents yet. Neither do I have them rn (CBSE has to send those to my school)."
    },
    {
      "id": "ijjwr16",
      "body": "Ohh ok"
    },
    {
      "id": "ijkinj2",
      "body": "Isn't it all available on digilocker?"
    },
    {
      "id": "ijkisz8",
      "body": "The digilocker ones are different. Official ones from cbse are different. You might've seen your 10th marks card, that is a original document."
    },
    {
      "id": "ijkj5jh",
      "body": "Yea but now my school is telling me the digilocker verified ones are considered originals... It's what I submitted in all other counsellings and it even got approved by comedk. Haven't submitted anything to pes yet."
    },
    {
      "id": "ijleegf",
      "body": "I had my  flight today for BLR. Will submit the documents tomorrow in person"
    },
    {
      "id": "ijqoyot",
      "body": "I received a message today that the last date has been extended till 29th Aug"
    }
  ]
}