{
  "id": "wk61sx",
  "title": "1st year classses starting from 22nd aug?",
  "content": "[deleted]",
  "metadata": {
    "author": "[deleted]",
    "url": "",
    "permalink": "/r/PESU/comments/wk61sx/1st_year_classses_starting_from_22nd_aug/",
    "score": 11,
    "created_utc": 1660058475,
    "flair": "Study Help :table:",
    "nsfw": false,
    "type": "submission"
  },
  "comments": [
    {
      "id": "ijokndn",
      "body": "When I called the PES call centre today they said the date had not been confirmed and that they would let us know by email 1 week in advance"
    },
    {
      "id": "ijpmr9g",
      "body": "On calling in the evening they said that it would open in the 1st week of September"
    }
  ]
}