{
  "id": "wme7bl",
  "title": "NEED SOME ANSWERS AND GUIDANCE",
  "content": "[deleted]",
  "metadata": {
    "author": "[deleted]",
    "url": "",
    "permalink": "/r/PESU/comments/wme7bl/need_some_answers_and_guidance/",
    "score": 6,
    "created_utc": 1660286267,
    "flair": "Discussion :snoo_shrug:",
    "nsfw": false,
    "type": "submission"
  },
  "comments": [
    {
      "id": "ijypq4y",
      "body": "Hello, graduated this year from RR campus, CSE 👋\nFeel free to shoot me a DM"
    },
    {
      "id": "ijyu2bq",
      "body": "Hey why don't u ask the question over here itself... Even freshers like me will get some rough idea..."
    },
    {
      "id": "ijyzzoc",
      "body": "dont bro"
    },
    {
      "id": "ik33evm",
      "body": "4th year student here,\n\nask our questions here or dm me!\n\nWill be glad to help."
    },
    {
      "id": "itfcvp2",
      "body": "How is ECE department at PESU?\nAlso about faculty,labs and placements....."
    }
  ]
}