{
  "id": "wmgkv7",
  "title": "pesu hostels",
  "content": "",
  "metadata": {
    "author": "Awkwardab1304",
    "url": "https://www.reddit.com/r/PESU/comments/wmgkv7/pesu_hostels/",
    "permalink": "/r/PESU/comments/wmgkv7/pesu_hostels/",
    "score": 3,
    "created_utc": 1660295159,
    "flair": "Discussion :snoo_shrug:",
    "nsfw": false,
    "type": "submission"
  },
  "comments": [
    {
      "id": "ijz0x33",
      "body": "Has the hostel booking started for rr or ec campus ?"
    },
    {
      "id": "ik3dw74",
      "body": "Should have started I think\n\nPlease call up the hostel and ask?"
    },
    {
      "id": "ik3flmn",
      "body": "Yeah, it has started. There were different contact numbers for hostel and college, the coordination between hostel and college management is pathetic"
    }
  ]
}