{
  "id": "wmor74",
  "title": "math",
  "content": "Hello seniors please help \nCan someone please share the name of the most common textbooks used for math in first year thanks!",
  "metadata": {
    "author": "Strange-Slide-5300",
    "url": "https://www.reddit.com/r/PESU/comments/wmor74/math/",
    "permalink": "/r/PESU/comments/wmor74/math/",
    "score": 3,
    "created_utc": 1660319746,
    "flair": "Study Help :table:",
    "nsfw": false,
    "type": "submission"
  },
  "comments": [
    {
      "id": "ik0hqea",
      "body": "The books recommended by the college are:\n\nAdvanced engineering mathematics by RK Jain and SRK Iyengar- 5th edition, 2016\n\nThat will be the primary text book and some exam problems will be taken from that book.\n\nOther reference books are:\n\nHigher Engineering Mathematics- B.V Ramana- 2017\n\nAnd \n\nHigher Engineering Mathematics by B.S Grewal 44th edition,2021\n\nAnd \n\nAdvanced engineering mathematics by Erwin Kreyszig- 10th edition - 2015"
    },
    {
      "id": "ik0ovn0",
      "body": "Ramana and Grewal supremacy"
    },
    {
      "id": "ik2rvm1",
      "body": "Thank you!"
    },
    {
      "id": "ik2rwiu",
      "body": "Thank you!"
    },
    {
      "id": "il28y8p",
      "body": "For 1st year the best advice is.....do PESU Academy Slides, Notes, Question Bank, and Assignment Questions. You will top the class im not even joking"
    }
  ]
}