{
  "id": "wmr6ri",
  "title": "PESU Discord - Official PESU Discord Server for All Batches",
  "content": "",
  "metadata": {
    "author": "prideofpesu",
    "url": "https://discord.com/invite/5GgeePDY",
    "permalink": "/r/PESU/comments/wmr6ri/pesu_discord_official_pesu_discord_server_for_all/",
    "score": 5,
    "created_utc": 1660325884,
    "flair": "ANNOUNCEMENT :snoo:",
    "nsfw": false,
    "type": "submission"
  },
  "comments": [
    {
      "id": "ik0tbm4",
      "body": "Join the official PESU Discord for **all batches and departments** at PESU!\n\nThe server has *existed since 2019* and is the **largest** and the only server to have students from the 2022 batch all the way to the present (2026) batch. If you are new here and have questions related to PESU, admissions, hostel, or syllabus, you can ask them here and a few seniors would gladly help you out."
    },
    {
      "id": "ik3d5pw",
      "body": "Only a \"few\" seniors will help you out xD"
    },
    {
      "id": "ilfgyk4",
      "body": "Hey the link is broken can u pls update.🙂"
    },
    {
      "id": "labyyld",
      "body": "can you update the link if the server is still there"
    },
    {
      "id": "labznf5",
      "body": "Thr updated link is on FAQs on the home page of the sub. https://bit.ly/pesu-faq"
    }
  ]
}