{
  "id": "wn8139",
  "title": "Hidden fees",
  "content": "Are there any hidden fees in PES apart from yearly fees and hostel fees?",
  "metadata": {
    "author": "sn0wcr4sh_",
    "url": "https://www.reddit.com/r/PESU/comments/wn8139/hidden_fees/",
    "permalink": "/r/PESU/comments/wn8139/hidden_fees/",
    "score": 2,
    "created_utc": 1660374137,
    "flair": "Discussion :snoo_shrug:",
    "nsfw": false,
    "type": "submission"
  },
  "comments": [
    {
      "id": "ik3sxjh",
      "body": "Badminton 10k per year\n\nGym 10k per year"
    },
    {
      "id": "ik4g8ca",
      "body": "Gym is 5k right"
    },
    {
      "id": "ik4hut6",
      "body": "Increased this year"
    }
  ]
}