{
  "id": "wn9x93",
  "title": "MALLUS ModCheck",
  "content": "any kerala ppl joining PES (EC campus)???",
  "metadata": {
    "author": "retarded_shell",
    "url": "https://www.reddit.com/r/PESU/comments/wn9x93/mallus_modcheck/",
    "permalink": "/r/PESU/comments/wn9x93/mallus_modcheck/",
    "score": 1,
    "created_utc": 1660381269,
    "flair": "Discussion :snoo_shrug:",
    "nsfw": false,
    "type": "submission"
  },
  "comments": [
    {
      "id": "ik3y3fy",
      "body": "Yes, through KCET. I hope their cutoff is just like last year, I'll surely be able to join CS in PES EC campus."
    },
    {
      "id": "ik4ymr1",
      "body": "High ranks maybe"
    }
  ]
}