{
  "id": "wndyjs",
  "title": "Is major minor not available in EC campus?",
  "content": "[deleted]",
  "metadata": {
    "author": "[deleted]",
    "url": "",
    "permalink": "/r/PESU/comments/wndyjs/is_major_minor_not_available_in_ec_campus/",
    "score": 4,
    "created_utc": 1660395538,
    "flair": "Ask a Senior :redditgold:",
    "nsfw": false,
    "type": "submission"
  },
  "comments": [
    {
      "id": "ik4tchy",
      "body": "We do"
    },
    {
      "id": "ik55qqr",
      "body": "Yea there are minors available for other branch students(basically ece as it is the only other btech branch here in EC campus). For CSE students, there are electives to be chosen in the 3rd year."
    }
  ]
}