{
  "id": "wni9b7",
  "title": "Amaatra Academy hostel.",
  "content": "Need Info regarding Amaatra Academy hostel for Freshers at EC campus. \n. How is it?\n. Is it very very strict?\n. How's the mess food?\n. Can we order outside food?\n. How's the wifi?\nTIA",
  "metadata": {
    "author": "pk_dr",
    "url": "https://www.reddit.com/r/PESU/comments/wni9b7/amaatra_academy_hostel/",
    "permalink": "/r/PESU/comments/wni9b7/amaatra_academy_hostel/",
    "score": 5,
    "created_utc": 1660407400,
    "flair": "Discussion :snoo_shrug:",
    "nsfw": false,
    "type": "submission"
  },
  "comments": [
    {
      "id": "ik5czif",
      "body": "https://www.reddit.com/r/PESU/comments/wih2hk/options_other_than_amaatra_hostel/?utm_medium=android_app&utm_source=share\n\nI asked this question a while ago. You can read the comments to know about it."
    },
    {
      "id": "ik7v3ka",
      "body": "Wifi is totally gooooodd >>>> than PESU EC cmp hstl.... Can order anything needed even after 7pm warden ll allow collecting till 8:30...mess food is not as good as cmp hstl"
    },
    {
      "id": "ik81dp1",
      "body": "Mess food is literally the same bro, they transport that food only to amaatra😂"
    },
    {
      "id": "ikc7vva",
      "body": "Nope who said u?? At first they did transport but latter they prep therr itslf nd although menu ws same taste wsnt tht gd   cmpred to cmp hstl"
    },
    {
      "id": "ikc82rr",
      "body": "I am ur senior 🙄, \nSo when i was there it was always transported , idk what they did last year"
    }
  ]
}