{
  "id": "wnlhgt",
  "title": "ABOUT AMARTYA HOSTEL(EC 1ST YEAR BOYS HOSTEL)",
  "content": "How strict are the rules of the hostel and how vigorously are they followed like being inside in at 7 pm and all can please someone who lives there inform",
  "metadata": {
    "author": "LocationMiserable751",
    "url": "https://www.reddit.com/r/PESU/comments/wnlhgt/about_amartya_hostelec_1st_year_boys_hostel/",
    "permalink": "/r/PESU/comments/wnlhgt/about_amartya_hostelec_1st_year_boys_hostel/",
    "score": 3,
    "created_utc": 1660415972,
    "flair": "Discussion :snoo_shrug:",
    "nsfw": false,
    "type": "submission"
  },
  "comments": [
    {
      "id": "ik7uv3z",
      "body": "Not that strict though yeah timings is 7pm fr bois n 6:30 fr girls.... You can order anything needed n warden ll allow till 8:30 to receive orders anoll \nRest everything is managable"
    }
  ]
}