{
  "id": "wnzobg",
  "title": "2nd round of counselling for pessat??",
  "content": "hi there,, just want to know when will be the second round of pessat counselling be conducted??",
  "metadata": {
    "author": "No_Degree_9398",
    "url": "https://www.reddit.com/r/PESU/comments/wnzobg/2nd_round_of_counselling_for_pessat/",
    "permalink": "/r/PESU/comments/wnzobg/2nd_round_of_counselling_for_pessat/",
    "score": 5,
    "created_utc": 1660459311,
    "flair": "Discussion :snoo_shrug:",
    "nsfw": false,
    "type": "submission"
  },
  "comments": [
    {
      "id": "ik8658c",
      "body": "Dk know, admission lady told last week of august"
    },
    {
      "id": "ik88x04",
      "body": "afaik, kcet 1st round will be conducted after neet result, so 2nd round pessat will happen only after 1st round kcet. ignoring the current court case, safe bet would be in september or august end"
    },
    {
      "id": "ik97s6u",
      "body": "Visited Pes . They said in 1 week of Sep as of now. But a lot depends upon Kcet . May even extend also"
    },
    {
      "id": "ikbd8f4",
      "body": "Classes from 5th , probably."
    },
    {
      "id": "ike1dej",
      "body": "Did you contact them?"
    },
    {
      "id": "ikhb4ub",
      "body": "ranks vahi hai kya counselling ke liye"
    },
    {
      "id": "iktntmm",
      "body": "Yes"
    }
  ]
}