{
  "id": "wq9cx9",
  "title": "6 GPA",
  "content": "What companies and which tier package i can get with 6gpa.I am cse ec campus student.",
  "metadata": {
    "author": "Affectionate_Cod_371",
    "url": "https://www.reddit.com/r/PESU/comments/wq9cx9/6_gpa/",
    "permalink": "/r/PESU/comments/wq9cx9/6_gpa/",
    "score": 9,
    "created_utc": 1660693311,
    "flair": "Ask a Senior :redditgold:",
    "nsfw": false,
    "type": "submission"
  },
  "comments": [
    {
      "id": "ikm4boq",
      "body": "The cutoff to appear for placements is 6.75. So, you wouldn't be eligible to appear in the first place. If you still have a few more semesters to complete before placements start, try to improve your CGPA. You could also try applying off campus."
    },
    {
      "id": "ikq4nk6",
      "body": "Do gpa matters in off campus?"
    },
    {
      "id": "ikqyg4f",
      "body": "It depends on the company. Some mass recruiters like TCS, etc will offer you a job, but with very less salary. Other companies might consider your GPA. If you have really good projects and a lot of work experience (internships), it could make a difference. If you don't land a job, you could try doing masters, which you could basically consider as your second chance. Do well there and maybe you'll get a good job."
    }
  ]
}