{
  "id": "wrbj05",
  "title": "documents via courier",
  "content": "I have been allotted cse at ec campus so I sent the required documents via courier to pes as I live far away from Bangalore. If there is anyone who has sent documents through courier, have you received any confirmation ?",
  "metadata": {
    "author": "Awkwardab1304",
    "url": "https://www.reddit.com/r/PESU/comments/wrbj05/documents_via_courier/",
    "permalink": "/r/PESU/comments/wrbj05/documents_via_courier/",
    "score": 7,
    "created_utc": 1660802123,
    "flair": "Discussion :snoo_shrug:",
    "nsfw": false,
    "type": "submission"
  },
  "comments": [
    {
      "id": "ikrlk9e",
      "body": "I sent my documents like 10 days ago and haven’t received any confirmation or update about the documents. I have contacted them a couple of times but they have poor communication amongst the management. I think we would just have to wait and watch."
    },
    {
      "id": "ikrnzx3",
      "body": "My nephew got the confirmation after about 2 weeks, that they had received the documents. I think from calling their call centre. \n\nWhat does the courier delivery status say?"
    },
    {
      "id": "ikro7wz",
      "body": "It says delivered"
    },
    {
      "id": "ikrocuh",
      "body": "I suggest checking with their BTech Admissions help desk, or check your email"
    },
    {
      "id": "lauqd1n",
      "body": "hi could you please dm the address in which you sent the docs also im hoping they received your documents safely..."
    }
  ]
}