{
  "id": "wrbybz",
  "title": "About placements.",
  "content": "How are mechanical campus placement?...and how much is avg CTC  a mechanical engineering get through on campus placements...? And also any idea how much was the highest CTC this year for M.E",
  "metadata": {
    "author": "_Mephisto_13003",
    "url": "https://www.reddit.com/r/PESU/comments/wrbybz/about_placements/",
    "permalink": "/r/PESU/comments/wrbybz/about_placements/",
    "score": 10,
    "created_utc": 1660803610,
    "flair": "Ask a Senior :redditgold:",
    "nsfw": false,
    "type": "submission"
  },
  "comments": [
    {
      "id": "ikth7ox",
      "body": "Stats\n1) So you get a few Core Companies recruiting for some core roles (mostly manufacturing Companies)\n2) Most of the placement offer is G.E.T Graduate Engineer Trainee (you will be trained for some random tasks in the company)\n3) Average CTC is around 4LPA i guess (can't confirm)\n4) The highest package for a core role was 13LPA (Lam Research) can't confirm tho, there maybe higher CTCs"
    }
  ]
}