{
  "id": "wrj3d6",
  "title": "How did you learn DSA for 3rd Sem",
  "content": "",
  "metadata": {
    "author": "Imsmortboi",
    "url": "https://www.reddit.com/r/PESU/comments/wrj3d6/how_did_you_learn_dsa_for_3rd_sem/",
    "permalink": "/r/PESU/comments/wrj3d6/how_did_you_learn_dsa_for_3rd_sem/",
    "score": 10,
    "created_utc": 1660827900,
    "flair": "Ask a Senior :redditgold:",
    "nsfw": false,
    "type": "submission"
  },
  "comments": [
    {
      "id": "iktp0u6",
      "body": "The teacher was pretty good, so I didn't have any trouble following the class"
    },
    {
      "id": "iku3bxh",
      "body": "The lecturer was pretty good for us. Apart from that, I followed up on the course material with YouTube if I didn't understand.\n\nThen created proper notes to remember everything."
    },
    {
      "id": "ikwlsnk",
      "body": "+1 Bacon"
    }
  ]
}