{
  "id": "wsaf3l",
  "title": "The number of companies visiting campus has comparatively reduced a lot as compared to the initial first 2 weeks, while some companies have even postponed their hiring drive, is it normal? Or it might be because of the current talks of recession and hiring freeze in many companies.",
  "content": "",
  "metadata": {
    "author": "Away-Fix1386",
    "url": "https://www.reddit.com/r/PESU/comments/wsaf3l/the_number_of_companies_visiting_campus_has/",
    "permalink": "/r/PESU/comments/wsaf3l/the_number_of_companies_visiting_campus_has/",
    "score": 28,
    "created_utc": 1660904639,
    "flair": "Ask a Senior :redditgold:",
    "nsfw": false,
    "type": "submission"
  },
  "comments": [
    {
      "id": "ikx8v2x",
      "body": "Recession, there's a hiring freeze industry wide"
    },
    {
      "id": "ikxi1u5",
      "body": "We're in recession. Hopefully things are better when I graduate."
    },
    {
      "id": "ikxsh5j",
      "body": "You'll mostly get offers at year end.. and yup recession"
    }
  ]
}