{
  "id": "wswhu0",
  "title": "will 2nd round pessat counselling occur before 4th sept",
  "content": "the new academic session is going to start from 5th sept ,,so will pessat 2nd round counselling occur before it or afterwards,,(also is hostel transfer possible ,,like if someone got ec campus in 1st round and then in 2nd round rr??)please giude",
  "metadata": {
    "author": "No_Degree_9398",
    "url": "https://www.reddit.com/r/PESU/comments/wswhu0/will_2nd_round_pessat_counselling_occur_before/",
    "permalink": "/r/PESU/comments/wswhu0/will_2nd_round_pessat_counselling_occur_before/",
    "score": 10,
    "created_utc": 1660964350,
    "flair": "Discussion :snoo_shrug:",
    "nsfw": false,
    "type": "submission"
  },
  "comments": [
    {
      "id": "il106ui",
      "body": "I'm in the same situation as you... Waiting for them to confirm the round 2 date"
    },
    {
      "id": "il3p0gj",
      "body": "Cannot be. 2nd round will depend on Kcet court settlement and kcet councelling . And this will take some time. Kcet doc verification ends on 7th sept."
    },
    {
      "id": "il59evm",
      "body": "So will some of us have to attend classes in the ec campus, and then be able to shift after round 2 happens?"
    },
    {
      "id": "ilqyohg",
      "body": "Yes"
    },
    {
      "id": "imt4ud7",
      "body": " Which branch do you have as of now?"
    },
    {
      "id": "io8w4tw",
      "body": "My PESSAT rank is 2504,is there any chance to get CSE in EC campus in 2nd round of counselling?"
    }
  ]
}