{
  "id": "wszkmv",
  "title": "Sports teams?",
  "content": "So…I’m gonna be joining PESU in like two weeks, and I just wanted to know if the university has something along the lines of sports teams…say a football team for example?",
  "metadata": {
    "author": "BLITZ_275",
    "url": "https://www.reddit.com/r/PESU/comments/wszkmv/sports_teams/",
    "permalink": "/r/PESU/comments/wszkmv/sports_teams/",
    "score": 7,
    "created_utc": 1660974625,
    "flair": "Ask a Senior :redditgold:",
    "nsfw": false,
    "type": "submission"
  },
  "comments": [
    {
      "id": "il1b96p",
      "body": "Yes it has, They hold trials around September."
    },
    {
      "id": "il1hdkr",
      "body": "Beautiful :D"
    },
    {
      "id": "il1zwzj",
      "body": "Anything abt  a cricket team?"
    },
    {
      "id": "il3c5zh",
      "body": "Our chancellor very much loves and endorses badminton. He would fall for it.  \nOn a serious note: yes, we have teams. [http://sports.pes.edu/facilities/](http://sports.pes.edu/facilities/)"
    },
    {
      "id": "il59ksu",
      "body": "Yes we have this too"
    },
    {
      "id": "il59lk5",
      "body": "👀👀😂😂"
    }
  ]
}