{
  "id": "wtfsws",
  "title": "Scholarship Query",
  "content": "Are the kids who got in through management quota eligible for the CNR and MRD scholarship,if so will the scholarship be on the complete tuition fee of 9.5 or will it be on the pessat equivalent?",
  "metadata": {
    "author": "AVBB",
    "url": "https://www.reddit.com/r/PESU/comments/wtfsws/scholarship_query/",
    "permalink": "/r/PESU/comments/wtfsws/scholarship_query/",
    "score": 7,
    "created_utc": 1661024958,
    "flair": "Ask a Senior :redditgold:",
    "nsfw": false,
    "type": "submission"
  },
  "comments": [
    {
      "id": "il45ndz",
      "body": "Management quota kids are eligible for scholarships as well. The amount is based on the tution fee paid for management quota"
    },
    {
      "id": "il5gglc",
      "body": "Thats is pessat equivalent fee"
    },
    {
      "id": "il5j9xd",
      "body": "I'm not sure of the fees now, but basically any scholarship amount is always calculated on the amount of tuition fees you paid. So it's different for CET/PESSAT/management quota kids"
    },
    {
      "id": "il641r9",
      "body": "On the demand draft it says the tuition fee is 9.5 lakhs so will i get scholarship on that or the pessat equivalent which is 4.1??"
    },
    {
      "id": "il666tb",
      "body": "Boss, its on the tuition fee that **you** pay. If you paid 9.5 as tuition fee then it is on 9.5 and so on."
    }
  ]
}