{
  "id": "wu42iw",
  "title": "Creating a sheets of clubs, need info/help on whether a club is either alive/dead/in between or missing in this list",
  "content": "* green - active and alive \\[sharing instagram achievements of other clubs does not count\\]\n* blue - Schrodinger's Cat\n* yellow - little-no info\n* red - ded af\n\nLink to Sheet:  [https://docs.google.com/spreadsheets/d/1Er81g9fpvNrKyXSrIK2sLkWV-3Q8IFO848f-j5w7AYo/edit?usp=sharing](https://docs.google.com/spreadsheets/d/1Er81g9fpvNrKyXSrIK2sLkWV-3Q8IFO848f-j5w7AYo/edit?usp=sharing)\n\nPS: EC Campus can be added too, just tell the word  \n\n\nedit: more info on green",
  "metadata": {
    "author": "raidandexplore",
    "url": "https://www.reddit.com/r/PESU/comments/wu42iw/creating_a_sheets_of_clubs_need_infohelp_on/",
    "permalink": "/r/PESU/comments/wu42iw/creating_a_sheets_of_clubs_need_infohelp_on/",
    "score": 17,
    "created_utc": 1661100288,
    "flair": "Club Post :upvote:",
    "nsfw": false,
    "type": "submission"
  },
  "comments": [
    {
      "id": "il7nhmi",
      "body": "The Amateur Scientist and Epsilon aren't clubs, they're fests. The best way to get a list of *almost all* clubs is to check the PESU Academy Bot's Instagram checking list. The GitHub repo stores this information."
    },
    {
      "id": "il7o1hs",
      "body": "ah thx again rowlet saar :prayge:"
    },
    {
      "id": "il7vb92",
      "body": "Insta Accounts\n\nTech Clubs\n\nDSC PESU RR (Developer Student Club): @dscpesu.rr (https://www.instagram.com/dscpesu.rr/)\n\nTeam Aeolus (Aerospace Team): @team_aeolus (https://www.instagram.com/team_aeolus/)\n\nVega Racing Electric (Electric Car Racing Team): @vegaracingelectric (https://www.instagram.com/vegaracingelectric/)\n\nTeam Haya Off-Roading (OffRoad Car Team): @thor_pesu(https://www.instagram.com/thor_pesu/)\n\nIEEE RAS PESU (IEEE RAS PES chapter): @ieee.ras.pesu (https://www.instagram.com/ieee.ras.pesu/)\n\nPIL (PES Innovation Lab): <@&777821834770776075>.lab (https://www.instagram.com/pes.lab/)\n\nHackerSpace: <@&777821834770776075>hackerspace (https://www.instagram.com/peshackerspace/)\n\nAlcoding: @thealcodingclub (https://www.instagram.com/thealcodingclub/)\n\nPerforming Arts\n\nMusic Club of PES: @themusicclubpesu (https://www.instagram.com/themusicclubpesu/)\n\nNinaada ( Classical Music ) : @ninaada.pesu ( https://instagram.com/ninaada.pesu )\n\nSanskriti ( Classical Dance ) : #teamsanskrithi ( https://instagram.com/teamsanskrithi )\n\nTrance ( Dance ) : @trance_pes (https://instagram.com/trance_pes )\n\nEncore ( Dance )  : @team.encore (https://instagram.com/team.encore)\n\nNautanki ( Dramatics Society ) : @thenautankiteam\n(https://instagram.com/thenautankiteam )\nNon Performing Arts\n\nWrite Angle (Literary club of PES): @writeangle.pesu(https://www.instagram.com/writeangle.pesu/)\n\nDSGNR ( Design Club ) : @dsgnr_pesu\n( https://instagram.com/dsgnr_pesu )\n\nMade this list last year, see if it helps... (1)"
    },
    {
      "id": "il7vo5i",
      "body": "Non Technical\n\nEquinox - The Space Club: @equinox.pes (https://www.instagram.com/equinox.pes/) \n\nQuotient Quiz Club: @quotientquizclub ( https://www.instagram.com/quotientquizclub )\n\nThe Entrepreneurship Cell: <@&777821834770776075>_ecell ( https://www.instagram.com/pes_ecell )\n\nThrough the Lens (Short Film Making Team): <@&777821834770776075>.throughthelens (https://www.instagram.com/pes.throughthelens/)\n\nDebSoc (Debate Society): <@&777821834770776075>debsoc (https://www.instagram.com/pesdebsoc/)\n\nMUNSoc (MUN Society): <@&777821834770776075>munsociety (https://www.instagram.com/pesmunsociety/)\n\nCSR\n\nCSR : @csr.pesu https://instagram.com/csr.pesu\n\nRotaract Club of PES: @rc_pesu3190 (https://www.instagram.com/rc_pesu3190/)\n\nAikya :  https://instagram.com/aikya_pesu\n\nOthers\n\nPESU IO: <@&777821834770776075>u.io (https://www.instagram.com/pesu.io/)\n\nUnder25PES : @under25pes \nhttps://instagram.com/under25pes\n\nContinuation (2)"
    },
    {
      "id": "il7ww8x",
      "body": "noice thx!"
    },
    {
      "id": "il7x0nf",
      "body": "Why is Equinox Cyan"
    },
    {
      "id": "il9rzfz",
      "body": "oh must have been a mistake while clicking green. i'll fix it"
    },
    {
      "id": "ila1irh",
      "body": "xD"
    },
    {
      "id": "ilbomb9",
      "body": "Tysm guys"
    }
  ]
}