{
  "id": "wvsm4w",
  "title": "So many fucking assignments",
  "content": "just two weeks in and the teachers be discussing abt micro projects and assignments already\nplus ISA's in a week, wish me luck",
  "metadata": {
    "author": "nxkzp",
    "url": "https://www.reddit.com/r/PESU/comments/wvsm4w/so_many_fucking_assignments/",
    "permalink": "/r/PESU/comments/wvsm4w/so_many_fucking_assignments/",
    "score": 7,
    "created_utc": 1661270625,
    "flair": "Rant :snoo_facepalm:",
    "nsfw": false,
    "type": "submission"
  },
  "comments": [
    {
      "id": "ilh2c7f",
      "body": "Uhuh welcome to pes buddy :')\n\nPS: ALL THE BESTTT"
    },
    {
      "id": "ilhgs84",
      "body": "When classes for 1st year? SEP 5th or will it be postponed again??"
    },
    {
      "id": "ilhpyjl",
      "body": "As of now it's 5th sept"
    },
    {
      "id": "ilhtx1m",
      "body": "It's fixed ryt or will they be any more delays?"
    },
    {
      "id": "ilhu92a",
      "body": "I donno bro they might delay but 70% I think it'll start for first round batch"
    },
    {
      "id": "ilhusrz",
      "body": "So only first round PPL it's starting. Why not just wait till everything is over.."
    },
    {
      "id": "ilhwmic",
      "body": "They might wait for second round ppl too who knows..But ig they'll start for first round ppl.. well that's what I feel"
    },
    {
      "id": "ilk9mwo",
      "body": "PES doesn't care too much about KCET because the number of PESSAT quota students is >> KCET students. They'll simply create another batch of KCET students that will join in later. Besides, PES tries to wrap up the academic session by June, delays don't help with that"
    },
    {
      "id": "ilkak58",
      "body": "Nah dude I'm talking abt pessat 2nd round"
    }
  ]
}