{
  "id": "ww4yx0",
  "title": "EEE in Ring road or ECE in Elcetronic city campus?",
  "content": "Hey pesians \nCan I know how is EEE branch in pes ring road ,is it good even placement wise \nAnd which will be a better choice if one is both skill and placement oriented \nWill I get equal internship opportunities in these both",
  "metadata": {
    "author": "SlugToxe",
    "url": "https://www.reddit.com/r/PESU/comments/ww4yx0/eee_in_ring_road_or_ece_in_elcetronic_city_campus/",
    "permalink": "/r/PESU/comments/ww4yx0/eee_in_ring_road_or_ece_in_elcetronic_city_campus/",
    "score": 8,
    "created_utc": 1661301308,
    "flair": "Discussion :snoo_shrug:",
    "nsfw": false,
    "type": "submission"
  },
  "comments": [
    {
      "id": "iljg7a4",
      "body": "Reach"
    },
    {
      "id": "iljlwx9",
      "body": "Ring road campus is easy to reach \nBut ec campus is too far ,I'll opt for hostel if chosen ec campus"
    },
    {
      "id": "ilk5hew",
      "body": "He commented so that more people see your post (i.e. \"for reach\" ), he didn't mean anything."
    },
    {
      "id": "ilk7f14",
      "body": "K"
    },
    {
      "id": "ilk8vvv",
      "body": "placements gets pooled, go with the branch of your choice"
    },
    {
      "id": "ilkg0c4",
      "body": "ECE in EC campus. Close your eyes and take it"
    },
    {
      "id": "ilkjzku",
      "body": "Also I'd suggest you give priority to branch over campus since placements are held together for both now."
    },
    {
      "id": "ilmkx3i",
      "body": "Just go for ECE in E-city campus because if you wanna upgrade to CSE later you can easily do that without going through much change because usually Cgpa cutoffs are pretty low for EC campus CSE."
    }
  ]
}