{
  "id": "wwgxh7",
  "title": "Cse in EC campus vs AiMl at RR",
  "content": "[deleted]",
  "metadata": {
    "author": "[deleted]",
    "url": "",
    "permalink": "/r/PESU/comments/wwgxh7/cse_in_ec_campus_vs_aiml_at_rr/",
    "score": 5,
    "created_utc": 1661340163,
    "flair": "Discussion :snoo_shrug:",
    "nsfw": false,
    "type": "submission"
  },
  "comments": [
    {
      "id": "ilkxrnj",
      "body": "CSE in EC. Branch > campus imo."
    },
    {
      "id": "ill6s6a",
      "body": "In first round counselling I just missed cse rr and took cse ec campus. A btech cse is valued more than any other specialisations. At an undergraduate level you should pick whatever gives you a broad base. AI/ML is something you should go into for your masters. Abroad, if anyone sees that you did your bachelor's in \"AI/ML\" they're gonna laugh at you since it doesn't make any sense. Most likely the AI/ML course will be 80-90 % cse,  with few topics compulsory (whereas cse students will have them as an optional subject)"
    },
    {
      "id": "illksrh",
      "body": "Ai ml in rr>>\nIt will be a cs degree with a specialization in Ai ml, the placements will be exact same as cse(similar roles), but you'll have an added advantage if the role requires higher skill in machine learning. Your degree will be treated as cse degree itself, both in resume and foreign universities, you won't be at any disadvantage.\nTherefore chose the better campus, i.e, RR.\nUnless ec is closer to ur place and u can avoid hostel expense."
    }
  ]
}