{
  "id": "x1ne9e",
  "title": "are there any safe makeout spots in pes rr campus? Also, how is pes when it comes to dating and shit?",
  "content": "",
  "metadata": {
    "author": "Youcrap-andsmile",
    "url": "https://www.reddit.com/r/PESU/comments/x1ne9e/are_there_any_safe_makeout_spots_in_pes_rr_campus/",
    "permalink": "/r/PESU/comments/x1ne9e/are_there_any_safe_makeout_spots_in_pes_rr_campus/",
    "score": 0,
    "created_utc": 1661876575,
    "flair": "Discussion :snoo_shrug:",
    "nsfw": false,
    "type": "submission"
  },
  "comments": [
    {
      "id": "imeke34",
      "body": "Golden jubilee block? /s"
    },
    {
      "id": "imkihkh",
      "body": "Nobody cares if you're dating or not. Just don't be that couple doing PDA in every corner. Then people will silently judge :3"
    }
  ]
}