{
  "id": "x2j5ll",
  "title": "Do the buses leave right after the classes are done? Or do they leave a while later giving us some time to chill ?",
  "content": "",
  "metadata": {
    "author": "Youcrap-andsmile",
    "url": "https://www.reddit.com/r/PESU/comments/x2j5ll/do_the_buses_leave_right_after_the_classes_are/",
    "permalink": "/r/PESU/comments/x2j5ll/do_the_buses_leave_right_after_the_classes_are/",
    "score": 3,
    "created_utc": 1661966318,
    "flair": "Ask a Senior :redditgold:",
    "nsfw": false,
    "type": "submission"
  },
  "comments": [
    {
      "id": "imjqsul",
      "body": "If they give time to chill, you'll be reaching home after it gets dark...."
    },
    {
      "id": "imjrmf4",
      "body": "In blr traffic you’re going to reach home after it gets dark regardless"
    },
    {
      "id": "imjynfu",
      "body": "All buses leave between 4:55- 5:00. But the bus that goes to the metro leaves at 3:30 ig..."
    }
  ]
}