{
  "id": "x2miz0",
  "title": "I am going to join PESU classes which will start on 5th September 2022. Can someone please suggest what all things I should buy for college before going?",
  "content": "",
  "metadata": {
    "author": "ATthebeast04",
    "url": "https://www.reddit.com/r/PESU/comments/x2miz0/i_am_going_to_join_pesu_classes_which_will_start/",
    "permalink": "/r/PESU/comments/x2miz0/i_am_going_to_join_pesu_classes_which_will_start/",
    "score": 15,
    "created_utc": 1661974632,
    "flair": "Discussion :snoo_shrug:",
    "nsfw": false,
    "type": "submission"
  },
  "comments": [
    {
      "id": "imki2p5",
      "body": "1. Laptop. \nBuy one suitable for your course and your budget. Ideally with good battery life and support. A LGBTQ friendly industrial oven that sounds like a Honda redlining at 34kmph when you try to do anything is going to lose it's charm after a while.\n\nI'm not too into laptops, I'm sure people are here to help.\n\n2. Bag\nGet one laptop bag that can also carry stuff for an overnighter.\n\n3. Books \nIdk if they still provide a multisubject notebook, but if they do, it should mostly cover a semester of notes.\nAll your textbooks are available online, unless you're that someone adamant on getting physical copies. You get second hand books.\n\nAnd maybe a pen."
    },
    {
      "id": "imkia59",
      "body": "Thx"
    },
    {
      "id": "imm8hjd",
      "body": "Aside from whatever is already mentioned, you'll also need a scientific calculator. The most popular choice here is the Casio 991ex model. Supports everything you'll need for the math courses as well as a few other ones."
    },
    {
      "id": "imm90mb",
      "body": "Don't forget to bring ur sense of humour v impp"
    },
    {
      "id": "imobd3w",
      "body": "₹20 for an omelette every morning. Classes start at 8-8:15am, which means you'll end up skipping breakfast at home every day."
    }
  ]
}