{
  "id": "x3bo1o",
  "title": "hello",
  "content": "Hi guys\nDoes anyone going to pes ec campus live on or near kanakpura road\nI could not find any college transport bus from\n there",
  "metadata": {
    "author": "Strange-Slide-5300",
    "url": "https://www.reddit.com/r/PESU/comments/x3bo1o/hello/",
    "permalink": "/r/PESU/comments/x3bo1o/hello/",
    "score": 8,
    "created_utc": 1662048861,
    "flair": "Discussion :snoo_shrug:",
    "nsfw": false,
    "type": "submission"
  },
  "comments": [
    {
      "id": "imow3m7",
      "body": "There's a stop in konankunte. Probably nearest one to you. Maybe check that out. You can get a metro till there."
    },
    {
      "id": "imow64r",
      "body": "Or, a wiser choice would be to go via nice road if you know how to drive."
    }
  ]
}