{
  "id": "x3v96k",
  "title": "NEED THE DISCORD LINK FOR PESU SERVER",
  "content": "title",
  "metadata": {
    "author": "LocationMiserable751",
    "url": "https://www.reddit.com/r/PESU/comments/x3v96k/need_the_discord_link_for_pesu_server/",
    "permalink": "/r/PESU/comments/x3v96k/need_the_discord_link_for_pesu_server/",
    "score": 2,
    "created_utc": 1662103891,
    "flair": "Ask a Senior :redditgold:",
    "nsfw": false,
    "type": "submission"
  },
  "comments": [
    {
      "id": "imrt3b3",
      "body": "https://discord.gg/p75mVCpg"
    }
  ]
}