{
  "id": "x403m6",
  "title": "Where tf do I find my admission number?",
  "content": "Need admission number for bus pass and I can't find my admission number. There's USN and SRN but I feel like that won't be accepted in bmtc website.",
  "metadata": {
    "author": "AdagioJump",
    "url": "https://www.reddit.com/r/PESU/comments/x403m6/where_tf_do_i_find_my_admission_number/",
    "permalink": "/r/PESU/comments/x403m6/where_tf_do_i_find_my_admission_number/",
    "score": 2,
    "created_utc": 1662121165,
    "flair": "Discussion :snoo_shrug:",
    "nsfw": false,
    "type": "submission"
  },
  "comments": [
    {
      "id": "imsku2n",
      "body": "Last year i entered the last few digits of srn"
    }
  ]
}