{
  "id": "x493r0",
  "title": "Will the first year students have common classes regardless of their batch? It’s that way in some of my friends colleges.",
  "content": "",
  "metadata": {
    "author": "Youcrap-andsmile",
    "url": "https://www.reddit.com/r/PESU/comments/x493r0/will_the_first_year_students_have_common_classes/",
    "permalink": "/r/PESU/comments/x493r0/will_the_first_year_students_have_common_classes/",
    "score": 5,
    "created_utc": 1662144061,
    "flair": "Ask a Senior :redditgold:",
    "nsfw": false,
    "type": "submission"
  },
  "comments": [
    {
      "id": "imtybee",
      "body": "Do you mean department?"
    },
    {
      "id": "imtyio0",
      "body": "Different course same class?"
    },
    {
      "id": "imu15ij",
      "body": "If you mean, different branches and the same classes, all are mixed in the first year!!\n\nBcoz first year is common to every branch, irrespective of the branch"
    },
    {
      "id": "imu1qwn",
      "body": "For the first year regardless of what course (engineering) you've opted you'll be allocated into one of two cycles (physics or chemistry) all in the same section under the department of Science and Humanities"
    }
  ]
}