{
  "id": "x4j9c7",
  "title": "Hostel inquiry",
  "content": "I attended the hostel briefing and there were like 32 points and “DW” system. They said they were very strict and followed them rigorously. So my question is are the hostels really that strict? Or is it a 1-2 month starting hostel phase of strictness and then its ok-ish types afterwards? And yo what about the maggi situation? Can’t even make them in the room? They also said we can’t movies on laptop?like wtf. Pls clarify.",
  "metadata": {
    "author": "Prudent_Wafer7537",
    "url": "https://www.reddit.com/r/PESU/comments/x4j9c7/hostel_inquiry/",
    "permalink": "/r/PESU/comments/x4j9c7/hostel_inquiry/",
    "score": 5,
    "created_utc": 1662172066,
    "flair": "Ask a Senior :redditgold:",
    "nsfw": false,
    "type": "submission"
  },
  "comments": [
    {
      "id": "imvyd64",
      "body": "Most of the rules are bullshit, nobody even talks about them. Idk about the DW system, please tell me what it is lol. Maggi you can easily buy outside or have it delivered. Electric cooker is not allowed cause they think you'll burn the place.   \n\n\nNobody cares what you do on your laptop. Throw away the rulebook, it's trash. Only strict rules are:\n\nYou have to be back in hostel by 9 pm.\n\nYou can't wear shorts.   \nYou can't bring day scholar friends into the hostel (unless you sneak them in).\n\nYou can go to your roommate's rooms. But after 10 pm they want you back in your own room, so occasionally they come after 10 to check. That's all.   \n\n\n&#x200B;\n\nYou can go out whenever you want, but if you want to spend the night at another house, you have to submit a form, call your parents, and then you'll be allowed to go."
    },
    {
      "id": "imw0a7v",
      "body": "I legit saw seniors in shorts"
    },
    {
      "id": "imwptca",
      "body": "Bruhh no shorts ? Mannn i will quit living then"
    },
    {
      "id": "imwxh33",
      "body": "> Shorts are not allowed in places where the hostel authority can see (basically hostel office)\n> As mentioned above, whatever he said are the important points\n> DW points and all are trash, i would have got all the DW points xD"
    },
    {
      "id": "imxr34j",
      "body": "All BS bro😂😂."
    },
    {
      "id": "in4dqha",
      "body": "oh lmao, I don't think there's anything like that.\n\n&#x200B;\n\nIf you break a major rule, like you come home at 11, they'll call your parents and shout.\n\nIf you come back drunk, they'll probably kick you right away."
    },
    {
      "id": "in4dv86",
      "body": "you can't go for attendance wearing shorts, but you can wear them in your room."
    }
  ]
}