{
  "id": "x4lt77",
  "title": "HAVE ALOT OF QUESTIONS",
  "content": "[deleted]",
  "metadata": {
    "author": "[deleted]",
    "url": "",
    "permalink": "/r/PESU/comments/x4lt77/have_alot_of_questions/",
    "score": 0,
    "created_utc": 1662180437,
    "flair": "Ask a Senior :redditgold:",
    "nsfw": false,
    "type": "submission"
  },
  "comments": [
    {
      "id": "imw3qi6",
      "body": "Ask everything here itself"
    },
    {
      "id": "imwab7w",
      "body": "Good to know you have a lot of questions. What will I do with this knowledge? I do not know. Why have you made this post that doesn't ask a single question? I do not know. Hope you find the answers. Good day."
    },
    {
      "id": "imwb5az",
      "body": "Good day"
    },
    {
      "id": "imwb87m",
      "body": "Good Morning"
    },
    {
      "id": "imwbpyf",
      "body": "Mod? Rule 3? This post doesn't do shit"
    },
    {
      "id": "imwbyr2",
      "body": "OP may reply with questions.."
    },
    {
      "id": "imwc2sx",
      "body": "Alright"
    }
  ]
}