{
  "id": "x4pw29",
  "title": "Orientation",
  "content": "I missed the last 2 hours of the orientation after the first vote of thanks. \n\nCan someone fill me up with the details. \n\nCourse: B tech Cs AI ML \n1st year Joining",
  "metadata": {
    "author": "Pleasant_Art_4110",
    "url": "https://www.reddit.com/r/PESU/comments/x4pw29/orientation/",
    "permalink": "/r/PESU/comments/x4pw29/orientation/",
    "score": 2,
    "created_utc": 1662195783,
    "flair": "Discussion :snoo_shrug:",
    "nsfw": false,
    "type": "submission"
  },
  "comments": [
    {
      "id": "imws24c",
      "body": "Nothing much just 60 slide long ppt with the key highlights-\n\n~5 ISA’s which are objective cbt’s \n\n~One ESA at the end of every semester\n\n~Cctv cameras everywhere\n\n~Everyone will *have* to publish at least one paper in the next 4 years otherwise they won’t be allowed to graduate \n\n~Lots of scholarship programs \n\n~No particular dress code,  some modest clothes should be just fine\n\n\nYeah I guess that’s about it. Plus he told certain things about the placements in pes, packages, jobs ( they’ve categorised them as tier 1,2 and 3. Tier 1 being jobs with salaries 12L abs above, tier 2 is 12-6L and tier 3 is 6 L and below. )\n\nYeah that’s about it"
    }
  ]
}