{
  "id": "x52rwf",
  "title": "Which is the closest metro station to pes?",
  "content": "",
  "metadata": {
    "author": "Youcrap-andsmile",
    "url": "https://www.reddit.com/r/PESU/comments/x52rwf/which_is_the_closest_metro_station_to_pes/",
    "permalink": "/r/PESU/comments/x52rwf/which_is_the_closest_metro_station_to_pes/",
    "score": 4,
    "created_utc": 1662233616,
    "flair": "Discussion :snoo_shrug:",
    "nsfw": false,
    "type": "submission"
  },
  "comments": [
    {
      "id": "imythih",
      "body": "Closest to pes is Mysore road metro station.\nAdditional information autos charge 50 if you want an auto from there to college or vice versa (price may change depending on the mood of auto driver)."
    },
    {
      "id": "imzbxdg",
      "body": "Take the metro to Mysore road and decently walk 250-300 metres board any bus going towards kamakya or Banashankari and get to pes college stop\n(Metro cost + Rs. 5)\n\nOr\n\nTake the metro to Banashankari station and get on the 410 bus from next to the temple again to PES college. (Metro cost + Rs. 15)"
    },
    {
      "id": "in0uu9u",
      "body": "metro station for the purple line which is the closest and Banashankari metro station for the green line"
    },
    {
      "id": "in1s9fw",
      "body": "The most accurate info :)"
    },
    {
      "id": "in6ptk7",
      "body": "Auto is seriously a ripoff dude. The PES shuttle itself arrives there."
    },
    {
      "id": "in6t4aq",
      "body": "Obvio dude unless very imp i don't use auto they scam Today they  asked 50 for me 50 for my mom😂."
    }
  ]
}