{
  "id": "x5ffvd",
  "title": "Is it fine skip first few days of bootstrap",
  "content": "Hey, due to reasons i might not be able to attend first few days of this week. Will I be missing anything important?",
  "metadata": {
    "author": "kushurox",
    "url": "https://www.reddit.com/r/PESU/comments/x5ffvd/is_it_fine_skip_first_few_days_of_bootstrap/",
    "permalink": "/r/PESU/comments/x5ffvd/is_it_fine_skip_first_few_days_of_bootstrap/",
    "score": 10,
    "created_utc": 1662271123,
    "flair": "Discussion :snoo_shrug:",
    "nsfw": false,
    "type": "submission"
  },
  "comments": [
    {
      "id": "in0uqsa",
      "body": "I don't think you'll be missing anything serious. Bootstrap is like an introduction, and is a good place to start meeting new people. You should be fine if you miss it"
    },
    {
      "id": "in34ryt",
      "body": "Nope none at all.\n\nI skipped the entire week by playing fortnite(it was a hot game during 2019).\n\nI manged to complete 3 years and the 4th one running.\n\nNo academic stuff was done."
    },
    {
      "id": "in6pjwy",
      "body": "The one on design thinking sucks. We made a \"startup\" for a web site on cardboard. Learnt stuff you could learn in 15 minutes for 6 literal hours."
    }
  ]
}