{
  "id": "x5kimb",
  "title": "Am i the only one who hates the new logo?",
  "content": "Still feel the older logo looks wayy better",
  "metadata": {
    "author": "Neither-Research-883",
    "url": "https://i.redd.it/ovtggurlstl91.jpg",
    "permalink": "/r/PESU/comments/x5kimb/am_i_the_only_one_who_hates_the_new_logo/",
    "score": 23,
    "created_utc": 1662290177,
    "flair": "Discussion :snoo_shrug:",
    "nsfw": false,
    "type": "submission"
  },
  "comments": [
    {
      "id": "in1i9fk",
      "body": "It looks like a government organisation now lmao.. The previous one was the best"
    },
    {
      "id": "in1lesz",
      "body": "https://imgur.com/a/nbTaRfw"
    },
    {
      "id": "in1lhgz",
      "body": "Lmao"
    },
    {
      "id": "in1o99j",
      "body": "Looks like a petroleum company logo xD... 😂😂"
    },
    {
      "id": "in1ujia",
      "body": "Indian Oil supremacy"
    },
    {
      "id": "in2md52",
      "body": "Nope…I technically haven’t even joined, and I still agree"
    },
    {
      "id": "in2wi6d",
      "body": "Looks like a petrol bunk logo"
    },
    {
      "id": "in2x15r",
      "body": "Fucking Disgusting, not changing the Subreddit Banner/logo"
    }
  ]
}