{
  "id": "x6z8u4",
  "title": "Are all bootstrap classes cancelled for 6th and 7th in ec campus ?",
  "content": "I got this notice on the pesu app that due to rains its cancelled but im still kinda paranoid (because there was no mail) that is it really cancelled and secondly can we like go visit campus and chill there or the campus will closed too?",
  "metadata": {
    "author": "LocationMiserable751",
    "url": "https://www.reddit.com/r/PESU/comments/x6z8u4/are_all_bootstrap_classes_cancelled_for_6th_and/",
    "permalink": "/r/PESU/comments/x6z8u4/are_all_bootstrap_classes_cancelled_for_6th_and/",
    "score": 10,
    "created_utc": 1662433268,
    "flair": "Discussion :snoo_shrug:",
    "nsfw": false,
    "type": "submission"
  },
  "comments": [
    {
      "id": "in9rfsf",
      "body": ">we like go visit campus\n\nThe campus is fucking Venice."
    },
    {
      "id": "in9ten9",
      "body": "They didn't allow us to go inside the campus. But what I saw from outside, it didn't had any water logging. Maybe they did that because students can't travel rn due to rain and water logging in Bangalore."
    },
    {
      "id": "in9vom1",
      "body": "Bruh i really liked the first day if bootstrap and then this shit happened"
    },
    {
      "id": "ina90gn",
      "body": "RR Supremacy ✨💅"
    },
    {
      "id": "ina97gh",
      "body": "Bruh 😂😂"
    }
  ]
}