{
  "id": "x72azx",
  "title": "Does anybody know how many seats are left after students withdraw their seats through pessat?",
  "content": "",
  "metadata": {
    "author": "ROCKY_BLAZE",
    "url": "https://www.reddit.com/r/PESU/comments/x72azx/does_anybody_know_how_many_seats_are_left_after/",
    "permalink": "/r/PESU/comments/x72azx/does_anybody_know_how_many_seats_are_left_after/",
    "score": 11,
    "created_utc": 1662442784,
    "flair": "Discussion :snoo_shrug:",
    "nsfw": false,
    "type": "submission"
  },
  "comments": [
    {
      "id": "ina7ugi",
      "body": "REACH"
    },
    {
      "id": "ina8el1",
      "body": "Easily 100+ CSE seats"
    },
    {
      "id": "inatrcb",
      "body": "Thank you"
    }
  ]
}