{
  "id": "x73jy9",
  "title": "Redditors Meet And Greet",
  "content": "It would be awesome if some senior could take up the initiative and host a meet and greet on campus... There were a lot of discussions between us before the college started, it would be fun if we you guys can meet up and meet each other IRL\n\nWe can have a RR and EC campus meet and greet independently, and depending on the participation, we can have a off campus meet with graduates and batchmates\n\nP.S Please upload the photos here!!\n\n(Lemme know if any help is required from Mod)",
  "metadata": {
    "author": "ChromaticChaos",
    "url": "https://www.reddit.com/r/PESU/comments/x73jy9/redditors_meet_and_greet/",
    "permalink": "/r/PESU/comments/x73jy9/redditors_meet_and_greet/",
    "score": 18,
    "created_utc": 1662447215,
    "flair": "ANNOUNCEMENT :snoo:",
    "nsfw": false,
    "type": "submission"
  },
  "comments": [
    {
      "id": "inaeqqu",
      "body": "What's the plan?"
    },
    {
      "id": "inaff8p",
      "body": "I would say\n1. Go to the 13th floor\n2. Meet each other\n3. Order Meghana's Biryani and have a chill evening"
    },
    {
      "id": "inap77c",
      "body": "Yeah. Seems chill for RR. For EC\n1. meet on the 6th floor \n2. Idk what good biryani place is here now.\n3. ???\n4. Profit.\n\nInfact I'd be down for all of us to meet outside somewhere."
    },
    {
      "id": "inaqcob",
      "body": "Need to make a poll then first 👀"
    },
    {
      "id": "inazldn",
      "body": "Meghna"
    },
    {
      "id": "iok6q0r",
      "body": "So yeah\n\nPeople wanna do a meet and greet on campus\n\nAnyone wanna take up the initiative"
    }
  ]
}