{
  "id": "x7aq4t",
  "title": "Can we reject a T1 offer and then sit for another T1 company? (since max 2 companies are allowed)",
  "content": "",
  "metadata": {
    "author": "Away-Fix1386",
    "url": "https://www.reddit.com/r/PESU/comments/x7aq4t/can_we_reject_a_t1_offer_and_then_sit_for_another/",
    "permalink": "/r/PESU/comments/x7aq4t/can_we_reject_a_t1_offer_and_then_sit_for_another/",
    "score": 11,
    "created_utc": 1662471078,
    "flair": "Ask a Senior :redditgold:",
    "nsfw": false,
    "type": "submission"
  },
  "comments": [
    {
      "id": "inbee1u",
      "body": "I don't think it's allowed"
    },
    {
      "id": "inbkaio",
      "body": "Nopes not allowed"
    },
    {
      "id": "inbyj1c",
      "body": "Who would want to reject a T1 offer which is 12lpa from this year"
    },
    {
      "id": "inc0h3h",
      "body": "T1 offers are 9Lpa+ right"
    },
    {
      "id": "incc5qe",
      "body": "Not anymore"
    },
    {
      "id": "inccc0y",
      "body": "So what are t1 offers now"
    },
    {
      "id": "incetpi",
      "body": "Like they said, 12+"
    },
    {
      "id": "incj8qs",
      "body": "But in the pinned post , t1 offers=9Lpa+"
    },
    {
      "id": "inf2nav",
      "body": "It changes every year based on the trend of packages offered the previous year"
    },
    {
      "id": "inf2vq9",
      "body": "Ohk rowlet sir🌚👍"
    },
    {
      "id": "inu1k43",
      "body": "Same boat. We can't. Once you have a T1 offer you can only opt for dream companies. \n\nFYI: You can't reject T1 offer. My friend wasn't able to. Unless you have an offer off campus that is. But if you reject the offer, you'll be blacklisted from placements."
    },
    {
      "id": "jk9o8ry",
      "body": "It again depends on what offer you're screwed if you have an internship you can't reject an internship no matter what tier it is."
    },
    {
      "id": "jkbeuhc",
      "body": "Completely agree."
    }
  ]
}