{
  "id": "x7d50k",
  "title": "EC campus freshers party",
  "content": "Do we have a freshers party for the EC campus??",
  "metadata": {
    "author": "cruZer0_o",
    "url": "https://www.reddit.com/r/PESU/comments/x7d50k/ec_campus_freshers_party/",
    "permalink": "/r/PESU/comments/x7d50k/ec_campus_freshers_party/",
    "score": 5,
    "created_utc": 1662477294,
    "flair": "Discussion :snoo_shrug:",
    "nsfw": false,
    "type": "submission"
  },
  "comments": [
    {
      "id": "inbmz8k",
      "body": "Leave ec....even rr won't have kekw xD"
    },
    {
      "id": "inbnbbf",
      "body": "It wont be hosted by college\n\nIt will be a student initiative"
    },
    {
      "id": "inbnrkw",
      "body": "By the seniors or do the freshers plan smtg?"
    },
    {
      "id": "inbnvh5",
      "body": "Mostly the seniors..\n\nThere are no such rules xD\n\nDo what you want"
    },
    {
      "id": "inbogyb",
      "body": "Did you guys not get \"the mail\" from VC xD"
    },
    {
      "id": "inbos6h",
      "body": "nah ntg yet"
    },
    {
      "id": "inbp4ub",
      "body": "Lol"
    },
    {
      "id": "inbwau1",
      "body": "tell us about 'the mail'"
    },
    {
      "id": "inc03tt",
      "body": "https://youtu.be/U5rTDGo_fH4 \n\nC'mon seniors , arrange something like this for us😭"
    },
    {
      "id": "inc3y92",
      "body": "on a yacht? sure"
    },
    {
      "id": "inccijr",
      "body": "No, it is not there, irrespective of Campus. But, you'll soon get a mail saying somethings about this"
    },
    {
      "id": "inch1sm",
      "body": "Oh yeah it's big brain time alright"
    },
    {
      "id": "inei1du",
      "body": "Please do it unofficially for us seniors 🥺😭😭"
    },
    {
      "id": "inf25xv",
      "body": "i hope there's at least ethnic day😃"
    },
    {
      "id": "ip7brkx",
      "body": "Lmao nah dw AAA won't let that happen"
    }
  ]
}