{
  "id": "x7u2j0",
  "title": "Bootstrap Attendence",
  "content": "Is bootstrap included in attendance?Is it fine if I don't go?",
  "metadata": {
    "author": "sn0wcr4sh_",
    "url": "https://www.reddit.com/r/PESU/comments/x7u2j0/bootstrap_attendence/",
    "permalink": "/r/PESU/comments/x7u2j0/bootstrap_attendence/",
    "score": 4,
    "created_utc": 1662520338,
    "flair": "Ask a Senior :redditgold:",
    "nsfw": false,
    "type": "submission"
  },
  "comments": [
    {
      "id": "ineu6cm",
      "body": "No, it is not included in the attendance. It is just a bunch of fun activities before starting college. So, it's fine if you don't go."
    }
  ]
}