{
  "id": "x8djxh",
  "title": "Does PESU RR Boys Hostel really block you for using torrents?",
  "content": "Hi! I'm a CSE Fresher. Although the WiFi is pretty shit.I heavily rely on torrents to acquire skills. Will my device be blacklisted if I use a VPN??\nThanks.",
  "metadata": {
    "author": "twerking_pokemon",
    "url": "https://www.reddit.com/r/PESU/comments/x8djxh/does_pesu_rr_boys_hostel_really_block_you_for/",
    "permalink": "/r/PESU/comments/x8djxh/does_pesu_rr_boys_hostel_really_block_you_for/",
    "score": 8,
    "created_utc": 1662577679,
    "flair": "Ask a Senior :redditgold:",
    "nsfw": false,
    "type": "submission"
  },
  "comments": [
    {
      "id": "injct43",
      "body": "not hostelite, but you cant torrent (or do any internet peer-to-peer sharing [syncthing nvr worked for me] on college wifi. prolly the same with hostel. there r prolly some ways to go around it tho. i dont recommend getting it of telegram cuz recently they have gone shit crazy on banning and filing FIRs on pirate channels."
    },
    {
      "id": "injf6u3",
      "body": "I tried using. The wifi only blocks the torrent sites and not the torrent client. I wanted to know whether I'd get banned or not."
    },
    {
      "id": "inlzm0j",
      "body": "Nope, you won't get banned 😂\n\nDon't Worry"
    },
    {
      "id": "j1lb1t3",
      "body": "the wardens are very shitty human beings"
    }
  ]
}