{
  "id": "xa2y42",
  "title": "reference books?",
  "content": "Hi can someone tell me ABT the reference books needed for 1st year( both phy cycle and chem cycle). \nPleas write a detailed answer keeping the following points in mind.\n1. The name and the author of the book for each subject.\n2. Howmuch topic to cover from the book mentioned above.\n3. 1 or 2 important exam important topics.\n4. If we can get it in physical form or pdf form of the book.\n\nBtw don't want to dependent only on the professor, any YouTube channel recommendations for such subjects?",
  "metadata": {
    "author": "More_Scholar6180",
    "url": "https://www.reddit.com/r/PESU/comments/xa2y42/reference_books/",
    "permalink": "/r/PESU/comments/xa2y42/reference_books/",
    "score": 11,
    "created_utc": 1662748445,
    "flair": "Discussion :snoo_shrug:",
    "nsfw": false,
    "type": "submission"
  },
  "comments": [
    {
      "id": "inrfgps",
      "body": "No need of any books. Just study slides thoroughly\nGuaranteed 9CGPA with thorough study of slides given."
    },
    {
      "id": "inrg6w2",
      "body": "Foreal ? Isn't 9cgpa the top 5% of this clg?"
    },
    {
      "id": "inrgcpo",
      "body": "Yes. Read the key word I mentioned \"thoroughly\". You've to know everything there is in each and ever slide in the ppt."
    },
    {
      "id": "inrh4if",
      "body": "What bout math ? I heard from seniors it's hard"
    },
    {
      "id": "inrhvbw",
      "body": "Yup math is hard. Only for math you need ramana and grewal textbooks."
    },
    {
      "id": "inrhx1l",
      "body": "And ofc attention in class"
    },
    {
      "id": "inripmt",
      "body": "ic , so how many hrs do u think an avg student needs to dedicate per day for a 9+ ?"
    },
    {
      "id": "inrixye",
      "body": "It really depends on the individual, their attention in class. So it's different for everyone."
    },
    {
      "id": "inrjmk6",
      "body": "Well i aced my cbse boards but flunked all entrances, kcet  10k+ , will i be ok lmao 💀?"
    },
    {
      "id": "inrk605",
      "body": "Doesn't really matter. Know people with 30k, 60k in kcet get around 9GPA. The efforts you put in now matters a lot. If you're hardworking, dedicated nothing is impossible."
    },
    {
      "id": "inrkc5o",
      "body": "Demm , thx senior , imma try my best :)"
    },
    {
      "id": "intayhr",
      "body": "Oh ok thanks..."
    }
  ]
}