{
  "id": "xb6hit",
  "title": "Clubs and cgpa",
  "content": "How can you be a part of a couple of clubs and still get 9+ cgpa? Also, will we have enough time to focus on studies if we join hackathons?",
  "metadata": {
    "author": "Youcrap-andsmile",
    "url": "https://www.reddit.com/r/PESU/comments/xb6hit/clubs_and_cgpa/",
    "permalink": "/r/PESU/comments/xb6hit/clubs_and_cgpa/",
    "score": 7,
    "created_utc": 1662862196,
    "flair": "Study Help :table:",
    "nsfw": false,
    "type": "submission"
  },
  "comments": [
    {
      "id": "inydwae",
      "body": "You gotta play the balancing game...\n\nWas part of clubs but not a 9+ scorer, you gotta know when to stop co-curriculars and study for exams and then come back to co-curriculars\n\nGood Luck"
    },
    {
      "id": "io0inpn",
      "body": "You must learn to manage things. Joining clubs doesn't mean they'll conduct events every once in a while... They do it when there are no exams... Just focus on exams during it , and on extra-curricular when needed. \n\n&#x200B;\n\nFacing the competition is a journey to success!!"
    },
    {
      "id": "io3zhj1",
      "body": "I don't know about clubs since I had no interest in them but i used to attend hackathons regularly and also scored 9.41 cgpa till now so can safely tell that hackathons infa t boost your problem solving skills"
    }
  ]
}