{
  "id": "xfw24j",
  "title": "Credit Weightage",
  "content": "I want to know that if a course has 5 credits and another one has 3 credits then will the 5 credit course have more Weightage in our CGPA than the 3 credit one? I mean will I have to give more effort while studying to the 5 credit course as it will have more impact on CGPA?",
  "metadata": {
    "author": "ATthebeast04",
    "url": "https://www.reddit.com/r/PESU/comments/xfw24j/credit_weightage/",
    "permalink": "/r/PESU/comments/xfw24j/credit_weightage/",
    "score": 7,
    "created_utc": 1663345953,
    "flair": "Discussion :snoo_shrug:",
    "nsfw": false,
    "type": "submission"
  },
  "comments": [
    {
      "id": "ioor4um",
      "body": "Yes, a 5 credit course would have more weightage in your SGPA than a 3 credit course. Your SGPA is calculated as sum(grade points obtained * credits for subject) / sum(credits). Therefore, you must put more effort studying courses with more credits as they contribute more towards your SGPA. With that being said, subjects with lesser credits are generally easy, and doing well in those subjects can compensate for poor performance in subjects with more credits."
    },
    {
      "id": "ioouafb",
      "body": "Thanks a lot"
    },
    {
      "id": "ip2ykid",
      "body": "What will be the fees for cse if we join pes through pessat &hostel fees?"
    }
  ]
}