{
  "id": "xh4drr",
  "title": "1st Sem Isa time table",
  "content": "",
  "metadata": {
    "author": "Sea_Mail_2026",
    "url": "https://www.reddit.com/r/PESU/comments/xh4drr/1st_sem_isa_time_table/",
    "permalink": "/r/PESU/comments/xh4drr/1st_sem_isa_time_table/",
    "score": 6,
    "created_utc": 1663467237,
    "flair": "Ask a Senior :redditgold:",
    "nsfw": false,
    "type": "submission"
  },
  "comments": [
    {
      "id": "iowas9k",
      "body": "They'll let you know soon about which weeks you will have ISAs. As for other details, ISAs happen everyday - Monday to Friday (and Saturday, if you have 6 courses). Order of courses is usually Math first, followed by the rest."
    },
    {
      "id": "ip7bj3y",
      "body": "Ayyo u in bcom or bba and also which campus"
    },
    {
      "id": "ip7cllp",
      "body": "B.Tech da, RR campus"
    }
  ]
}