{
  "id": "xh5bk0",
  "title": "will 1st year classes get postponed?",
  "content": "",
  "metadata": {
    "author": "SizeJaded3971",
    "url": "https://i.redd.it/isg4djm69jo91.jpg",
    "permalink": "/r/PESU/comments/xh5bk0/will_1st_year_classes_get_postponed/",
    "score": 20,
    "created_utc": 1663470119,
    "flair": "Discussion :snoo_shrug:",
    "nsfw": false,
    "type": "submission"
  },
  "comments": [
    {
      "id": "iovq46b",
      "body": "Lmao no chance"
    },
    {
      "id": "iovrt8e",
      "body": "Pes stubborn😤"
    },
    {
      "id": "ioxti7u",
      "body": "PES is a private university so it won't change a thing"
    }
  ]
}