{
  "id": "xhl4d6",
  "title": "wipro tier",
  "content": "Is wipro which is offering ctc of 5.5lpa +1 lakh retention bonus after one year a tier 3 or tier2 .If get offer will not be able to attend other better tier 2 companies.",
  "metadata": {
    "author": "BornCondition1756",
    "url": "https://www.reddit.com/r/PESU/comments/xhl4d6/wipro_tier/",
    "permalink": "/r/PESU/comments/xhl4d6/wipro_tier/",
    "score": 3,
    "created_utc": 1663518440,
    "flair": "Discussion :snoo_shrug:",
    "nsfw": false,
    "type": "submission"
  },
  "comments": [
    {
      "id": "ioybhih",
      "body": "tier 1: >12 lakhs  \ntier 2: 6-12 lakhs  \ntied 3: <6 lakhs\n\n&#x200B;\n\nSince the total CTC Wipro is offering appears to be 6.5 LPA I think it is classified as a tier 2 company. If you get the offer from Wipro you will only be able to sit for Tier 1 companies  after receiving the offer. (assuming that Wipro would be your first job offer from placements and not your second.)"
    }
  ]
}