{
  "id": "xid290",
  "title": "Study Space WiFi",
  "content": "So the study space next to the cafeteria in RR Campus has some WiFi provided, but it has some password protection...could a senior please explain how I could access this WiFi?",
  "metadata": {
    "author": "BLITZ_275",
    "url": "https://www.reddit.com/r/PESU/comments/xid290/study_space_wifi/",
    "permalink": "/r/PESU/comments/xid290/study_space_wifi/",
    "score": 4,
    "created_utc": 1663596429,
    "flair": "Ask a Senior :redditgold:",
    "nsfw": false,
    "type": "submission"
  },
  "comments": [
    {
      "id": "ip2eavv",
      "body": "Access the captive portal first (it should automatically load it once you connect to the WiFi). Username and password both are your SRN. If these credentials do not work it means your SRNs haven't probably been added into the system yet. Try using any senior's credentials (replace the UG22 with UG21 or something else)."
    },
    {
      "id": "ip2etyh",
      "body": "Sure, I'll give it a go:)  \n\n\nThanks a lot:D"
    },
    {
      "id": "ip5bz62",
      "body": "What will be the fees for cse if we join pes through pessat &hostel fees in EC campus?"
    }
  ]
}