{
  "id": "xj1zxo",
  "title": "7th sem special topics attendance",
  "content": "For 7th semester , the software testing teacher is updating the online attendance on the app . \n\nDoes it matter?",
  "metadata": {
    "author": "BornCondition1756",
    "url": "https://www.reddit.com/r/PESU/comments/xj1zxo/7th_sem_special_topics_attendance/",
    "permalink": "/r/PESU/comments/xj1zxo/7th_sem_special_topics_attendance/",
    "score": 4,
    "created_utc": 1663658306,
    "flair": "Ask a Senior :redditgold:",
    "nsfw": false,
    "type": "submission"
  },
  "comments": [
    {
      "id": "ip65o2z",
      "body": "Our batch didn't have attendance at all. Since our batch was allowed to pursue internships in 7th sem as well (and get credits), people barely attended classes as well and spent the semester working.\n\nHowever, might want to get it confirmed when it comes to your batch"
    }
  ]
}