{
  "id": "xj7k1k",
  "title": "Element / B block wifi password",
  "content": "What is it?",
  "metadata": {
    "author": "peaceful_poltergeist",
    "url": "https://www.reddit.com/r/PESU/comments/xj7k1k/element_b_block_wifi_password/",
    "permalink": "/r/PESU/comments/xj7k1k/element_b_block_wifi_password/",
    "score": 0,
    "created_utc": 1663677131,
    "flair": "Ask a Senior :redditgold:",
    "nsfw": false,
    "type": "submission"
  },
  "comments": [
    {
      "id": "ip6sdv1",
      "body": "6l7Z8uqX&EjfK7hbpP5mxFU$K$biFw42Ld\\*A4QeGg%eCab5vSD"
    },
    {
      "id": "ip6x6sa",
      "body": "Contact your department office and request activation of captive portal id"
    },
    {
      "id": "ip7l8fr",
      "body": "What will be the fees for cse if we join pes through pessat &hostel fees in EC campus?\n\nAnyone pls reply"
    }
  ]
}