{
  "id": "xkdz30",
  "title": "masters !!",
  "content": "Is it possible to do masters in cs if I do btech in eee (in abroad)",
  "metadata": {
    "author": "Little_Elderberry233",
    "url": "https://www.reddit.com/r/PESU/comments/xkdz30/masters/",
    "permalink": "/r/PESU/comments/xkdz30/masters/",
    "score": 7,
    "created_utc": 1663787509,
    "flair": "Discussion :snoo_shrug:",
    "nsfw": false,
    "type": "submission"
  },
  "comments": [
    {
      "id": "ipdl52f",
      "body": "Yes"
    },
    {
      "id": "ipdl745",
      "body": "Check the requirements of the course first"
    },
    {
      "id": "ipdlt5d",
      "body": "Yes but majorly they do allow to  take admissions right ,"
    },
    {
      "id": "ipdn3uy",
      "body": "If you meet the requirements then yes make sure you check all the pre-requisites"
    },
    {
      "id": "ipdncei",
      "body": " I was just planning on doing master , i still didn't get admission in  btech   🙂"
    },
    {
      "id": "ipdng71",
      "body": "Okay but when you do start applying don't miss it"
    }
  ]
}