{
  "id": "xl7nfc",
  "title": "PESSAT 2022 Round 1 Cutoff",
  "content": "[deleted]",
  "metadata": {
    "author": "[deleted]",
    "url": "",
    "permalink": "/r/PESU/comments/xl7nfc/pessat_2022_round_1_cutoff/",
    "score": 3,
    "created_utc": 1663867728,
    "flair": "Discussion :snoo_shrug:",
    "nsfw": false,
    "type": "submission"
  },
  "comments": [
    {
      "id": "ipjhlf1",
      "body": "Near 850 for cse rr, around 1300 for ai/ml rr, about 2400 for cse ec campus, 2900 for ece rr, no idea about ece ec campus and other branches of rr"
    },
    {
      "id": "ipjlag9",
      "body": "Lots of uncertainty bcoz of the kcet drama so tough to predict anything about round 2"
    }
  ]
}