{
  "id": "xlk4n0",
  "title": "Wont we have any freshers party?",
  "content": "",
  "metadata": {
    "author": "Youcrap-andsmile",
    "url": "https://www.reddit.com/r/PESU/comments/xlk4n0/wont_we_have_any_freshers_party/",
    "permalink": "/r/PESU/comments/xlk4n0/wont_we_have_any_freshers_party/",
    "score": 8,
    "created_utc": 1663897864,
    "flair": "Discussion :snoo_shrug:",
    "nsfw": false,
    "type": "submission"
  },
  "comments": [
    {
      "id": "ipjtyuo",
      "body": "No"
    },
    {
      "id": "ipkhskj",
      "body": "No party, but we will soon be hosting something for freshers. A whole week dedicated to you guys. Keep an eye out."
    },
    {
      "id": "ipkl44n",
      "body": "Lmao"
    },
    {
      "id": "ipkslv9",
      "body": "Bruh u cant start without kcet guys comn manhh"
    },
    {
      "id": "ipl5l2c",
      "body": "Welcome to PESU"
    },
    {
      "id": "iplw44i",
      "body": "Lmao, sure"
    },
    {
      "id": "iptka24",
      "body": "Huh whatever happened to the secret assignment? We had a blast at part 3 but that was 4 years ago"
    },
    {
      "id": "ipw7ijn",
      "body": "It's the first year since COVID restrictions have kind of been completely pulled"
    }
  ]
}