{
  "id": "xnqwvi",
  "title": "What engineering calculator to buy?",
  "content": "",
  "metadata": {
    "author": "DarkerLights",
    "url": "https://www.reddit.com/r/PESU/comments/xnqwvi/what_engineering_calculator_to_buy/",
    "permalink": "/r/PESU/comments/xnqwvi/what_engineering_calculator_to_buy/",
    "score": 8,
    "created_utc": 1664120962,
    "flair": "Study Help :table:",
    "nsfw": false,
    "type": "submission"
  },
  "comments": [
    {
      "id": "ipuqvr7",
      "body": "Casio fx-991ex classwiz"
    },
    {
      "id": "ipv2l97",
      "body": "You'll definitely use it throughout first year. Depending on the courses you have you'll also need to use it in second and third year as well. In fact, used it for a small special topic in final year as well"
    },
    {
      "id": "ipwykbj",
      "body": "😂 worst possible advice"
    },
    {
      "id": "ipxpkvi",
      "body": "I would get a graphic calculator. You dont need it for college, but it still cool as heck."
    },
    {
      "id": "ipy9g1o",
      "body": "Fx 991 ex has more functions than the fx 991 es, but the es looks better and you won't need those extra functions anyway tbh. All Nyack just looks better than the white. Go for casio FX 991 es"
    },
    {
      "id": "irq3z1j",
      "body": "Casio 991 fx ex"
    }
  ]
}