{
  "id": "xpdlm8",
  "title": "PESSAT round 2 counseling",
  "content": "When is it going to take place? And suppose I want to shift from cse ec campus to aiml in rr, would I start from the beginning again and be in the kcet batch or continue with others who shifted their campus(assuming there are a good number of them)?",
  "metadata": {
    "author": "Bio_is_sexy",
    "url": "https://www.reddit.com/r/PESU/comments/xpdlm8/pessat_round_2_counseling/",
    "permalink": "/r/PESU/comments/xpdlm8/pessat_round_2_counseling/",
    "score": 4,
    "created_utc": 1664276564,
    "flair": "Discussion :snoo_shrug:",
    "nsfw": false,
    "type": "submission"
  },
  "comments": [
    {
      "id": "iq3cwvr",
      "body": "Start from the beginning along with kcet batch"
    },
    {
      "id": "iq3ewh5",
      "body": "You're a fresher too, how do you know?"
    },
    {
      "id": "iq3i03t",
      "body": "You will continue."
    },
    {
      "id": "iq3mu2v",
      "body": "I called and asked them."
    },
    {
      "id": "iq4l7p8",
      "body": "Why to leave core cse for something new?"
    },
    {
      "id": "iq6msbl",
      "body": "I'm not, I just gave an example. I'm going to take cse rr itself."
    },
    {
      "id": "iq6mwr7",
      "body": "Even I asked someone they told they can't say. We've already done 4 experiments in chem lab here, what's the point of starting from the beginning again\n\nEdit: what you're saying will be true for those joining directly from round 2, not those who already started college, I asked a senior."
    }
  ]
}