{
  "id": "xpof5d",
  "title": "Any senior with a \"Faculty Login ID\" (which doesn't have any firewalls and blocks) Please DM with the details. I just wanna connect my lappy🥺🥺",
  "content": "",
  "metadata": {
    "author": "twerking_pokemon",
    "url": "https://www.reddit.com/r/PESU/comments/xpof5d/any_senior_with_a_faculty_login_id_which_doesnt/",
    "permalink": "/r/PESU/comments/xpof5d/any_senior_with_a_faculty_login_id_which_doesnt/",
    "score": 1,
    "created_utc": 1664302875,
    "flair": "Ask a Senior :redditgold:",
    "nsfw": false,
    "type": "submission"
  },
  "comments": [
    {
      "id": "iq51t7h",
      "body": "Same"
    },
    {
      "id": "iq5mi6t",
      "body": "Send an email to the department office and request the activation of your credentials."
    },
    {
      "id": "iq6j3dy",
      "body": "I get that but I won't be able to stream Netflix and do torrenting isn't it?"
    },
    {
      "id": "iq79hk9",
      "body": "Netflix works but it'll load slower than a motherfucker. Use Tor browser for everything else"
    },
    {
      "id": "iq7ob05",
      "body": "same"
    },
    {
      "id": "iq8kl7o",
      "body": "DM"
    },
    {
      "id": "iqc3lq9",
      "body": "did u get it?"
    },
    {
      "id": "iqp3bkh",
      "body": "You're a club head. Isn't that club heads get thier own IDs?"
    }
  ]
}