{
  "id": "xppr88",
  "title": "Sports facilities at PES EC campus",
  "content": "how are the sports facilities at EC campus , is there a football ground or a football team in EC campus ??",
  "metadata": {
    "author": "Signal-Local-581",
    "url": "https://www.reddit.com/r/PESU/comments/xppr88/sports_facilities_at_pes_ec_campus/",
    "permalink": "/r/PESU/comments/xppr88/sports_facilities_at_pes_ec_campus/",
    "score": 2,
    "created_utc": 1664305941,
    "flair": "Ask a Senior :redditgold:",
    "nsfw": false,
    "type": "submission"
  },
  "comments": [
    {
      "id": "iq69mex",
      "body": "Yup a ground for football and a team. The team is pretty good as well."
    },
    {
      "id": "iq7f51w",
      "body": "Lots at Amaatra hostel"
    },
    {
      "id": "iq7lbd6",
      "body": "Free to access facilities:-Football ground, Volleyball,Cricket Ground, Basketball Court,  2 badminton courts in the quadrangle, 1 PE room that has a gymming machine, 2 TT tables,Carrom Chess anol..\n\nPaid ones(MRD Student Centre)(All indoor): Basketball Court, Full fledged gym. There'll be many other sports facilities like Badminton courts,Kabaddi,etc. in the floors above but as of now this is all I know.\n\nTeam selection trials are there for every sports."
    },
    {
      "id": "iq7tegg",
      "body": "Hey how are clubs at EC compared to RR?\nAre there any standout clubs like E-Cell?"
    },
    {
      "id": "iq7tuwa",
      "body": "Actually we freshers had a club orientation a week ago. Here's the pdf of it.\n\n[Club Orientation ](https://drive.google.com/file/d/1y7LzRfgQISMMagIyrtGcmX2OnenmsGKj/view?usp=drivesdk)"
    },
    {
      "id": "iq8r0di",
      "body": "Thank you this was helpful"
    },
    {
      "id": "iq8xaxn",
      "body": "Very helpful, Thank you"
    },
    {
      "id": "iwvpx2f",
      "body": "Turns out the Entrepreneurship club is pretty active in here. Today they conducted a 12hr workshop cum hackathon on stocks. The event was named as \"The Wolf of Wall Street\". Many students from both the campuses participated in it"
    }
  ]
}