{
  "id": "xqej8q",
  "title": "1st Sem Chem lab record help",
  "content": "Can anyone tell how to write the report part of chem lab record? We were left to write on our own but i am anxious as it has marks.\n\nExperiment is Synthesis of Alpha Al2O3 metal oxide nanoparticles",
  "metadata": {
    "author": "Sea_Mail_2026",
    "url": "https://www.reddit.com/r/PESU/comments/xqej8q/1st_sem_chem_lab_record_help/",
    "permalink": "/r/PESU/comments/xqej8q/1st_sem_chem_lab_record_help/",
    "score": 6,
    "created_utc": 1664376099,
    "flair": "Ask a Senior :redditgold:",
    "nsfw": false,
    "type": "submission"
  },
  "comments": [
    {
      "id": "iq8sswv",
      "body": "We were asked to write from linked video? Watch the video and write from there"
    },
    {
      "id": "iq96hni",
      "body": "Video is wrong. Minimum amount of urea to be taken for 5g of aluminum nitrate something is 2g not 1.25g. Further more there ain't no magnetic stirrer used in video"
    },
    {
      "id": "iq98zxa",
      "body": "Can I have it too please?"
    }
  ]
}