{
  "id": "xtc80a",
  "title": "A Comprehensive Guide to accessing blocked stuff on PESU Wi-Fi.",
  "content": "**Step 1 :**\n\n**Login through the Internet Captive through a** ***generic*** **login id:**\n\nUsername : *pesubh*\n\nPassword : *Pe$U@123*\n\n**Step 2:**\n\n**Install** [**Google Meet**](https://meet.google.com/) **from** [**Play Store**](https://play.google.com/store/apps/details?id=com.google.android.apps.meetings&hl=en_IN&gl=US) **/** [**App Store**](https://apps.apple.com/us/app/google-meet-original/id1013231476) **:** \n\n**Step 3:**\n\nMake a **New Meeting.**\n\nClick on **Start on Instant Meeting.**\n\n**Switch off Camera** and **Microphone.**\n\nGo to the **Speaker** icon and click on **Turn off audio output.**\n\n**Step 4 :**\n\n**And you're set.**\n\nPress the **Home** button and minimize **Google Meet**. **Browse whatever you want to.**",
  "metadata": {
    "author": "Different-Horror-417",
    "url": "https://www.reddit.com/r/PESU/comments/xtc80a/a_comprehensive_guide_to_accessing_blocked_stuff/",
    "permalink": "/r/PESU/comments/xtc80a/a_comprehensive_guide_to_accessing_blocked_stuff/",
    "score": 47,
    "created_utc": 1664675054,
    "flair": "Pride Of PESU",
    "nsfw": false,
    "type": "submission"
  },
  "comments": [
    {
      "id": "iqpoy26",
      "body": "Not working bro"
    },
    {
      "id": "iqpqkfl",
      "body": "Brother you are a SAINT"
    },
    {
      "id": "iqpz9nk",
      "body": "Try it a few more times."
    },
    {
      "id": "iqq5v4x",
      "body": "I'm curious how does this work?"
    },
    {
      "id": "iqqjdj9",
      "body": "Aam khaao gutli matt gino 😉"
    },
    {
      "id": "iqrrg4v",
      "body": "Doesn't the vpn 1.1.1.1 work?"
    },
    {
      "id": "iqus5g5",
      "body": "VPN slows down the speed"
    },
    {
      "id": "iqus7g7",
      "body": "Try out 1.1.1.1\n\nIt doesn't affect the speed much and I think it unblocks almost everything"
    },
    {
      "id": "iqusdtu",
      "body": "Would work for torrents as well?"
    },
    {
      "id": "iqusfu9",
      "body": "Yup it does"
    },
    {
      "id": "irn26zw",
      "body": "working but with less speed"
    },
    {
      "id": "isuxihp",
      "body": "But, why would it work? Is this a flaw in their firewall? I'm confused."
    },
    {
      "id": "iuabu4g",
      "body": "Anyway to make it work on desktop?"
    },
    {
      "id": "jvlrzlg",
      "body": "The generic login no longer exists lol"
    }
  ]
}