{
  "id": "xue9vr",
  "title": "How often does a section shuffle occur?",
  "content": "Are sections shuffled every semester?",
  "metadata": {
    "author": "Careful-Rate-5063",
    "url": "https://www.reddit.com/r/PESU/comments/xue9vr/how_often_does_a_section_shuffle_occur/",
    "permalink": "/r/PESU/comments/xue9vr/how_often_does_a_section_shuffle_occur/",
    "score": 10,
    "created_utc": 1664788248,
    "flair": "Ask a Senior :redditgold:",
    "nsfw": false,
    "type": "submission"
  },
  "comments": [
    {
      "id": "iqv3ndb",
      "body": "Only once, at the end of first year when you move to sections based on branches."
    },
    {
      "id": "iqv57w6",
      "body": "So we're with one class for 3 years after that?"
    },
    {
      "id": "iqv5qmn",
      "body": "Yes"
    },
    {
      "id": "iqv5u58",
      "body": "Ahhh that lowkey sucks ;("
    },
    {
      "id": "iqwfarw",
      "body": "It happened twice for me"
    },
    {
      "id": "iqwfce8",
      "body": "With time you'll realise everything sucks\n in this college."
    },
    {
      "id": "iqwp56y",
      "body": "It doesn't get better after college..."
    },
    {
      "id": "ir0pp0h",
      "body": "Y'all stop harrassing me. Not even a month of college has passed 😭😭😭😭😭"
    },
    {
      "id": "m564xqc",
      "body": "I have a doubt bro... in the section shuffling from 1st sem to 2nd sem... are students from all branches mixed in one class or is it branch wise shuffling?"
    }
  ]
}