{
  "id": "xvzvgb",
  "title": "Dear 2019 batch, which month are we expected to graduate?",
  "content": "I am applying to MS for which I am required to provide the expected month of graduation and month of degree conferred, I request seniors/folks on the same boat to help me out in this regard.\n\n&#x200B;\n\nThank you, may the pride of pesu be with you.",
  "metadata": {
    "author": "Salt_Try_7365",
    "url": "https://www.reddit.com/r/PESU/comments/xvzvgb/dear_2019_batch_which_month_are_we_expected_to/",
    "permalink": "/r/PESU/comments/xvzvgb/dear_2019_batch_which_month_are_we_expected_to/",
    "score": 10,
    "created_utc": 1664941993,
    "flair": "Ask a Senior :redditgold:",
    "nsfw": false,
    "type": "submission"
  },
  "comments": [
    {
      "id": "ir40qo3",
      "body": "You can put the month as June. \n\nBy then all your ESAs are over and final grades are also obtained for all possible courses and you should have all credits needed. At that point college will also let you get a provisional degree printed and also obtain a transcript"
    },
    {
      "id": "ir435v1",
      "body": "Thank you so much!"
    }
  ]
}