{
  "id": "xx03i9",
  "title": "how is ece branch at electronic City campus...is it as good as rr campus",
  "content": "",
  "metadata": {
    "author": "dapanipuri",
    "url": "https://www.reddit.com/r/PESU/comments/xx03i9/how_is_ece_branch_at_electronic_city_campusis_it/",
    "permalink": "/r/PESU/comments/xx03i9/how_is_ece_branch_at_electronic_city_campusis_it/",
    "score": 6,
    "created_utc": 1665045154,
    "flair": "Discussion :snoo_shrug:",
    "nsfw": false,
    "type": "submission"
  },
  "comments": [
    {
      "id": "ir9bbrn",
      "body": "Define good."
    },
    {
      "id": "ir9lw20",
      "body": "Quality of staff and focus on making you an actual ece engineer is significantly better than rr campus. The proffs are a bit more strict than those at rr campus that is pretty much the only drawback of taking ece there, compared to the myriad of challenges at RR campus ece."
    }
  ]
}