{
  "id": "xyi553",
  "title": "Fests",
  "content": "Will the EC campus and the RR campus have a combined fest? Or will it be done separately? Just wondering.",
  "metadata": {
    "author": "Youcrap-andsmile",
    "url": "https://www.reddit.com/r/PESU/comments/xyi553/fests/",
    "permalink": "/r/PESU/comments/xyi553/fests/",
    "score": 6,
    "created_utc": 1665199475,
    "flair": "Ask a Senior :redditgold:",
    "nsfw": false,
    "type": "submission"
  },
  "comments": [
    {
      "id": "irhfcj4",
      "body": "Will we even have a freshers party🙄"
    },
    {
      "id": "irhk6r5",
      "body": "No"
    },
    {
      "id": "irhmijt",
      "body": "We used have to have it separately before covid, post covid, depending on the budget we'll have either 2 or 1 combined at RR"
    },
    {
      "id": "irhq9rw",
      "body": "We're having Maaya at Ec campus this fall."
    },
    {
      "id": "irifr3f",
      "body": "Maaya is there in EC campus... It's in oct end prolly cuz recruitments for volunteers (Event managers) has already begun"
    }
  ]
}