{
  "id": "xzbick",
  "title": "How is the grading done here for isas?",
  "content": "",
  "metadata": {
    "author": "Youcrap-andsmile",
    "url": "https://www.reddit.com/r/PESU/comments/xzbick/how_is_the_grading_done_here_for_isas/",
    "permalink": "/r/PESU/comments/xzbick/how_is_the_grading_done_here_for_isas/",
    "score": 6,
    "created_utc": 1665286486,
    "flair": "Ask a Senior :redditgold:",
    "nsfw": false,
    "type": "submission"
  },
  "comments": [
    {
      "id": "irlkmvp",
      "body": "You get to see your marks for the ISAs. There are no grades assigned here. The final grade obtained for a course is based on the entire ISA + ESA + assignment + project marks obtained"
    }
  ]
}