{
  "id": "xztugk",
  "title": "Clubs and going overseas.",
  "content": "Hi guys, I'd like to know if any of the clubs go overseas for events like ..competitions /forums or conferences.",
  "metadata": {
    "author": "Safe-Bee6680",
    "url": "https://www.reddit.com/r/PESU/comments/xztugk/clubs_and_going_overseas/",
    "permalink": "/r/PESU/comments/xztugk/clubs_and_going_overseas/",
    "score": 5,
    "created_utc": 1665343241,
    "flair": "Ask a Senior :redditgold:",
    "nsfw": false,
    "type": "submission"
  },
  "comments": [
    {
      "id": "iro6rmx",
      "body": "So far as I know Aeolus does. Other than that none I believe."
    },
    {
      "id": "irr5bib",
      "body": "aeolus seems to be dead 😞"
    },
    {
      "id": "irrn4gw",
      "body": "Sadly killed by the department :')\n\nWe used to go abroad for competitions"
    },
    {
      "id": "iru04ms",
      "body": "😶 hod and vk ( sridhar too i think)  occasionally talk about joining it and haya"
    },
    {
      "id": "is13pcm",
      "body": "Haya is destined to die in the next 3 sems"
    },
    {
      "id": "is3jbbm",
      "body": "hm, but y?"
    }
  ]
}