{
  "id": "y04wsd",
  "title": "Is the PES Electronic City Campus overcrowded?",
  "content": "",
  "metadata": {
    "author": "SkywalkerPadawan512",
    "url": "https://www.reddit.com/r/PESU/comments/y04wsd/is_the_pes_electronic_city_campus_overcrowded/",
    "permalink": "/r/PESU/comments/y04wsd/is_the_pes_electronic_city_campus_overcrowded/",
    "score": 13,
    "created_utc": 1665374468,
    "flair": "Discussion :snoo_shrug:",
    "nsfw": false,
    "type": "submission"
  },
  "comments": [
    {
      "id": "irq1oix",
      "body": "No ,not all!"
    },
    {
      "id": "irq5lb6",
      "body": "Not at all, it's so empty"
    },
    {
      "id": "irqgv5r",
      "body": "Yes"
    },
    {
      "id": "irr071j",
      "body": "No. Infact the crowd is wayyyy lesser than RR."
    },
    {
      "id": "irr0czc",
      "body": "Not empty 😂 but surely not over crowded."
    }
  ]
}