{
  "id": "y0lka1",
  "title": "Any senior who got placed in a tier-1 company with 7 or below Cgpa?",
  "content": "",
  "metadata": {
    "author": "w737373737",
    "url": "https://www.reddit.com/r/PESU/comments/y0lka1/any_senior_who_got_placed_in_a_tier1_company_with/",
    "permalink": "/r/PESU/comments/y0lka1/any_senior_who_got_placed_in_a_tier1_company_with/",
    "score": 19,
    "created_utc": 1665425086,
    "flair": "Ask a Senior :redditgold:",
    "nsfw": false,
    "type": "submission"
  },
  "comments": [
    {
      "id": "iruzrrt",
      "body": "Yes, I got 6.8 cgpa. Got placed in Microsoft with a 28lpa package."
    },
    {
      "id": "irv0kj4",
      "body": "Cap Microsoft asks for 8 cgpa off campus"
    },
    {
      "id": "irvia34",
      "body": "Well I wouldn't be working here if that was the case."
    },
    {
      "id": "irvjuw1",
      "body": "Post me tier-1 likha h tune and fir cap bol rha, irony💀"
    },
    {
      "id": "irw7v2a",
      "body": "Toh tier 1 placement milna possible nai hai cse ke liye with 7 cgpa"
    },
    {
      "id": "irwf82a",
      "body": "Offcampus?On-campus?Can you tell your placement story in brief?"
    },
    {
      "id": "irz3rcn",
      "body": "Yeah,  I got it off- campus.  I leveraged my options. Intel, J P Morgan and IBM wanted me to join them for less than 25lpa, but Microsoft was willing to pay more. So, I joined them."
    },
    {
      "id": "is2b3ot",
      "body": "All companies have rejected me except the service based companies (reason low cgpa 7.1)"
    },
    {
      "id": "is50zsd",
      "body": "?"
    },
    {
      "id": "itak4rs",
      "body": "what is considered tier 1?"
    },
    {
      "id": "itaukk0",
      "body": "Above 10 lpa"
    },
    {
      "id": "itaxdxy",
      "body": "yes there are many, some even with 6. something cgpa"
    },
    {
      "id": "itkuid5",
      "body": "Backlog, mech and 6.3 at the time of placement for SDE role lol. Startup though, probably why they didn't care."
    },
    {
      "id": "itkv855",
      "body": "Which company though?"
    }
  ]
}