{
  "id": "y1bxt2",
  "title": "9GPA advice",
  "content": "So my isas are going pretty well but i wonder how much isa final marks is necessary for 9 gpa this time around?(5th sem keed here) and with assignments having lesser weight his time,will isas be scaled up to out of 30 marks?",
  "metadata": {
    "author": "Basic_Ad_900",
    "url": "https://www.reddit.com/r/PESU/comments/y1bxt2/9gpa_advice/",
    "permalink": "/r/PESU/comments/y1bxt2/9gpa_advice/",
    "score": 2,
    "created_utc": 1665502029,
    "flair": "Pride Of PESU",
    "nsfw": false,
    "type": "submission"
  },
  "comments": [
    {
      "id": "is4jy17",
      "body": "Rud chill,"
    },
    {
      "id": "is5prdb",
      "body": "Umm what? I didn't understand?"
    }
  ]
}