{
  "id": "y1inh1",
  "title": "ECE to IT companies",
  "content": "I am in 2nd year and currently pursuing ECE in RR campus but I don't have any interest in ECE subjects and I want to join an IT company. Can anyone tell how should I proceed further!",
  "metadata": {
    "author": "Appropriate_Fox103",
    "url": "https://www.reddit.com/r/PESU/comments/y1inh1/ece_to_it_companies/",
    "permalink": "/r/PESU/comments/y1inh1/ece_to_it_companies/",
    "score": 3,
    "created_utc": 1665518168,
    "flair": "Ask a Senior :redditgold:",
    "nsfw": false,
    "type": "submission"
  },
  "comments": [
    {
      "id": "iryyhy9",
      "body": "Start competitive coding and learning CS concepts like Data structures, OOPS, OS. Many people who are in ECE get IT jobs through placements. \n\nJust put in effort and you'll get in easily! All the best :)"
    },
    {
      "id": "irz45vx",
      "body": "Get a minor degree in CS starting next sem, try to get it done by the time 7th sem starts"
    },
    {
      "id": "is04uf4",
      "body": "Start grinding leetcode and maintain CGPA above 9"
    },
    {
      "id": "is1uyaf",
      "body": "https://www.reddit.com/r/WorkReform/comments/srphhh/a_guide_to_entering_into_software_engineering/?utm_source=share&utm_medium=android_app&utm_name=androidcss&utm_term=1&utm_content=share_button\n\n\nThis should give you some idea. Also, keep your GPA above 8. Above 8.5, you'll reach cutoff for 99% of companies. 9 is overkill.\nAll the best!"
    }
  ]
}