{
  "id": "y3zfp3",
  "title": "my kcet ranking is 10.2k (sc category). which colleges can i get into",
  "content": "hi, i have 10.2k ranking and belong to sc category. kcet 1st round is approaching and I wanted to have some idea of colleges i could get into. unlikely but can i get into pes in second round of kcet counselling, if not which other colleges can i join. any help is appreciated",
  "metadata": {
    "author": "shinigasto",
    "url": "https://www.reddit.com/r/PESU/comments/y3zfp3/my_kcet_ranking_is_102k_sc_category_which/",
    "permalink": "/r/PESU/comments/y3zfp3/my_kcet_ranking_is_102k_sc_category_which/",
    "score": 0,
    "created_utc": 1665767115,
    "flair": "Ask a Senior :redditgold:",
    "nsfw": false,
    "type": "submission"
  },
  "comments": [
    {
      "id": "isbtauc",
      "body": "See the previous year cutoff"
    },
    {
      "id": "isdy6vc",
      "body": "r/indianbabes pe bhi poochle"
    },
    {
      "id": "isvcldd",
      "body": "You can use shiksha.com 's college predictor"
    }
  ]
}