{
  "id": "y6bsvm",
  "title": "8th semester credits",
  "content": "Can credits of 8th semester be covered with special topics if we don't get an internship?",
  "metadata": {
    "author": "BornCondition1756",
    "url": "https://www.reddit.com/r/PESU/comments/y6bsvm/8th_semester_credits/",
    "permalink": "/r/PESU/comments/y6bsvm/8th_semester_credits/",
    "score": 2,
    "created_utc": 1666014594,
    "flair": "Ask a Senior :redditgold:",
    "nsfw": false,
    "type": "submission"
  },
  "comments": [
    {
      "id": "isoane2",
      "body": "Yup, if I am not wrong it is 6 credits via internship, which translates to 6/2 = 3 special topics"
    }
  ]
}