{
  "id": "y6y2zy",
  "title": "Failing ISAs",
  "content": "Hey first yr student here. Are there any consequences of failing an ISA?\nI screwed up my first ISA nd I hve got 4 more ISAs left. Is this gonna affect my final score even if I manage to do  better in the coming ISAs?",
  "metadata": {
    "author": "Leather-Ad-8169",
    "url": "https://www.reddit.com/r/PESU/comments/y6y2zy/failing_isas/",
    "permalink": "/r/PESU/comments/y6y2zy/failing_isas/",
    "score": 11,
    "created_utc": 1666071495,
    "flair": "Ask a Senior :redditgold:",
    "nsfw": false,
    "type": "submission"
  },
  "comments": [
    {
      "id": "isrspaf",
      "body": "op must realize that there's no such thing called passing marks in ISA"
    },
    {
      "id": "isruoao",
      "body": "Oh okay\nWhat is considered a good score in ISA?"
    },
    {
      "id": "isrzozg",
      "body": "15, no matter how bad you fuck up, you'll definitely be above 15"
    },
    {
      "id": "iss0k8w",
      "body": "I m kinda sure abt losing 6-7 marks already 😔"
    },
    {
      "id": "iss0xqc",
      "body": "No. The Best of 5 ISAs are evaluated.. Study consistently and you'll score good. Do your 12th pre-requisites if you're weak with those."
    },
    {
      "id": "isss99g",
      "body": "Nope, you're good! For one thing, these are best 4 out of 5, so if you do well enough going forward, it will nullify your current marks.\n\nThe other thing that is possibly the *only* good thing about the 5 ISA system is that it significantly reduces the impact that any one ISA has on your GPA. Don't sweat it, analyze where you messed up, and don't be hard on yourself!  \n\n\nAll the best :)"
    },
    {
      "id": "isssndd",
      "body": "Thnx"
    }
  ]
}