{
  "id": "y7wxj2",
  "title": "Am I doing right? Leaving Pesu CSE for BITS pilani,goa MSc Chem!",
  "content": "Presently at Cse Pes, EC campus( possibility of getting Aiml at round 2) . Got Bit pilani, goa campus, MSc dual ,chem. Leaning towards Bits. Am I doing right? Pl help. Thanks",
  "metadata": {
    "author": "pk_dr",
    "url": "https://www.reddit.com/r/PESU/comments/y7wxj2/am_i_doing_right_leaving_pesu_cse_for_bits/",
    "permalink": "/r/PESU/comments/y7wxj2/am_i_doing_right_leaving_pesu_cse_for_bits/",
    "score": 7,
    "created_utc": 1666167938,
    "flair": "Discussion :snoo_shrug:",
    "nsfw": false,
    "type": "submission"
  },
  "comments": [
    {
      "id": "isx1cz3",
      "body": "It all depends on what you want to pursue. Personally I'd always pick branch > college but seeing that it is BITS a  lot of people like you might think otherwise. \n\nAlso if you do happen to stay in PES, my suggestion is to stick with CSE and don't take up AIML."
    },
    {
      "id": "isx1sa8",
      "body": "Dude always follow your interests. Yeah, Bits is a better college but if u have any career interest in the IT field don't compromise. My teacher was interested in Electronics but admitted to Bits Goa Msc Chem, now he is a lecturer. He always regrets his decision. Likewise, if you have any interest in CS or any engineering branch why do u compromise?"
    },
    {
      "id": "isx34kk",
      "body": "You've got cse \n\nThere are a lot of ppl who regret their choice when they don't get the branch they need for their BE \n\nYou'll not only be paying 30L+ but also getting 2 useless degrees if you're not interested in any of it \n\nPes is in Bangalore \nSo I'd say you'll do well off campus too  if u have the skills  as you have a location advantage \n\nFinal Choice is yours, make sure u don't regret it later that's all"
    },
    {
      "id": "isx3zbw",
      "body": "In the long run BITS will help you stand out in a crowd. PES might provide you a good placement but bits will give you better growth overall. I suggest you join bits cuz you will have more time compared to pes students, no attendance rule will give you some peace, and you have 5 years... You can take up more projects and learn more. And if you get CS in your BE then you're golden bud."
    },
    {
      "id": "isx496i",
      "body": "And honestly compare the difference in competition of getting in 2 lakh people give bitsat and few thousand get in whereas 20k give pessat also management"
    },
    {
      "id": "isxk6ne",
      "body": "My friend took integrated course in physics at Bits Pilani. Its 5 year course.The good part was cut off to opt for CSE  was around 8.5 for his branch unlike other core branches where cut off was close to 10. So next year he got into CSE with 8.6 cgpa.He just have to study one extra year thats it."
    },
    {
      "id": "isy57dw",
      "body": "Yes bro leave pes it's one fucking jail only. Ur doing the right thing man. Dw u aren't making a mistake"
    },
    {
      "id": "isydson",
      "body": "Thanks bro"
    },
    {
      "id": "isz0fqk",
      "body": "Your flair says you're a graduate. If you don't mind me asking, what was your package? Maybe an approx figure?"
    },
    {
      "id": "isz12hc",
      "body": "It's bits so you can sit for cs placements from almost every single branch, especially if you're from an electrical branch (majority of the dualites get an electrical branch at least). He might have to study some branch he might not necessarily love, but in the end he gets the bits tag+stellar placements+infinitely more exposure. Please stop misleading people to feel better about your choices. Bits is the obvious choice here"
    },
    {
      "id": "isz1tem",
      "body": "I've never seen anyone coping harder💀\n\n>Likewise, if you have any interest in CS or any engineering branch why do u compromise?\n\nWhere has he mentioned that he's interested in CS??\n\n>My teacher was interested in Electronics but admitted to Bits Goa Msc Chem, now he is a lecturer.\n\n(real)🤡🤡\n\nEven if OP manages to get cse or an electrical branch at least in his second year, his degree will be nowhere in comparison to a cse degree from pes. Bits is 2 tiers ahead, please stop misguiding people"
    },
    {
      "id": "it0zzaa",
      "body": "Yaar ye sb nhi pucha krte"
    },
    {
      "id": "it113ud",
      "body": "Not revealing exact figure, but it's 16-20 LPA"
    },
    {
      "id": "it17pmg",
      "body": "While I agree it turned out well for your friend, it might not be the same for OP. Better to give an answer that focuses more on what is definitely possible instead of speculating on possibilities."
    },
    {
      "id": "it1a1ra",
      "body": "Pilani campus had a placement of 20lpa median and 21 ave, for all branches combined. He is going to be okay at Pilani lol."
    },
    {
      "id": "it1a7dr",
      "body": "You are doing right. If fees isn't an issue, just close your eyes and go for BITS, you'll never regret the decision."
    },
    {
      "id": "it1erny",
      "body": "Ask this question in a neutral sub like Indian academia, this sub is filled with people coping hardddd lmao I got downvoted for saying bits is better\n\nBits goa is the extremely obvious choice here, unless you have a huge financial problem."
    },
    {
      "id": "it1f3qc",
      "body": "That's great, but the average package in bits (all branches included) is 22LPA and for cse alone the average is almost as much as the highest package in pes💀 the average in pes with all branches included is 7 LPA. The above mentioned info is from the placement in charges in both the pes campuses, I've visited them both before I got accepted in bits. I've been to both pes and bits and I'm sorry but these 2 colleges are incomparable unless OP has a huge financial problem"
    },
    {
      "id": "it1fjfb",
      "body": "nah bits goa all branch median was 18, plus you're spending an extra year with dual and uncertain branch, so I wouldn't really say taking bits is a no brainer."
    },
    {
      "id": "it1fpr6",
      "body": "I agree with all your points. I don't deny that BITS in terms of placements will be much better. \n\nI would still choose CSE in PES over any non-CSE branch in BITS because at the end of the day that is what I want to pursue and have always been interested in, ever since I picked up how to code way back when I was 11 years old. For me the branch/course is more important than the college, as long as it's not a significant sacrifice being made. I can say that I created my own opportunities and have achieved a great deal already in the field I am interested in, and would not have been able to do the same if I had sacrificed my passion, and am doing decently well in my career as well. \n\nThat being said, I understand that for some people the college is more important than the course for various reasons (which again, also make sense to various degrees), but at the end of the day it all goes down to what OP prioritises more - branch or college. This is something OP themself needs to figure out, we can only give our opinions once they've made that choice."
    },
    {
      "id": "it3roku",
      "body": "Very Well Written. Thanks."
    },
    {
      "id": "it3runm",
      "body": "True."
    },
    {
      "id": "it62hz3",
      "body": "Averages are the worst way to check for placement stats...\n\nYou'll always have really big packages and really small packages, what you get is not the middle"
    },
    {
      "id": "it62rxx",
      "body": "I mean what else will you expect from a r/PESU Subreddit xD\n\nHowever, look at the top voted ones, we say stream >> college. Now CSE PES is really good and renowned. I don't know why would you want to do MSc if you are interested in the tech field"
    },
    {
      "id": "it8h2jl",
      "body": "You're absolutely right but it's not just an msc, perhaps OP should've made it more clear. If it was just an MSc, I would agree with you. OP is talking about the dual degree program at bits, so basically everyone taking an MSc is allotted a BE based on their cgpa at the end of their first year, and majority of the dualites atleast get electrical branches. So if OP decently studies during his first year, he can get CSE as his other degree (along with the MSc). So unless OP has a huge financial problem, bits is the obvious choice because a cse/ece/eee/eni degree from bits >>>>>>>>>>>> pes cs. Even if it comes to the worst case and he ends up getting mech/chemical as his second degree, he can go for high paying finance options which are available pretty much only to the top iits and bits. Everyone who takes an MSc is allotted a BE in their second year btw."
    },
    {
      "id": "it8h6mt",
      "body": "Exactly💀 so wouldn't the case in pes be so much more worse, according to your logic?"
    },
    {
      "id": "it8hhtt",
      "body": "Nope \n\nThere are a lot of people from PES who get decent packages from placements, like a real good amount\n\nSo yeah, factually correct :')"
    },
    {
      "id": "it8hl3l",
      "body": "You're right, at the end of the day it comes down to OP's preferences. But imo the majority of the people who choose cs are just after the package and they could do that easily in a much better college."
    },
    {
      "id": "it8hxp9",
      "body": "Pilani's median is 22, not that there's a huge difference between 22 and 19 anyway. Most people don't care about the extra year, and majority of the dualites get an electrical branch atleast. If you aren't even sure about being in the top 70%, then maybe you shouldn't come to bits 🤷🏻‍♂️ pes cs is the low risk decent reward option for you."
    },
    {
      "id": "it8i9b9",
      "body": "I know they do. But the people who get worse packages do also exist, and their condition should be much worse compared to a bitsian who gets a \"bad\" package"
    },
    {
      "id": "it8iie2",
      "body": "Nope, this entire BITS has gone into your head\n\nThere are so many people who get below average packages in BITS (I sadly know them)\n\nSo yeah, there are both good goods and bad bads in both of the colleges"
    },
    {
      "id": "it8j6f3",
      "body": "i'm in bits goa ece right now, they showed median to be 18L all branches during orientation , the extra year is 6L+ which is not really a small amount plus your 3rd year is going to be really hectic, if OP's main aim is to get good job BITS would be better but if he's really interested in cs it would be hard to manage cs if he doesnt land cs after 1st year considering he's already a dualite."
    },
    {
      "id": "it8ms4p",
      "body": "You're right, but the people who get below average packages in pes are obviously more than the people who get below average packages in bits right? That's what my point is"
    },
    {
      "id": "it8n6n6",
      "body": "I'm talking about bits pilani, pilani campus. The median is 22. You're right about goa though. The MSc courses are mostly manageable unless it's math. Most dualites end up getting high IT packages irrespective of their BE branch so it's not a herculean task."
    },
    {
      "id": "itapvtl",
      "body": "Are you a fresher?"
    },
    {
      "id": "itas4gq",
      "body": "Yes, but I have relatives and friends who've been to bits and they've all told me the same thing. Placement stats were shown in the orientation"
    }
  ]
}