{
  "id": "y8b4un",
  "title": "FOR 2nd sem",
  "content": "Im currently in 1st sem chem cycle,will we be studying the same 1st sem phy cycle topics when we get into phy cycle next sem",
  "metadata": {
    "author": "OrionZT",
    "url": "https://www.reddit.com/r/PESU/comments/y8b4un/for_2nd_sem/",
    "permalink": "/r/PESU/comments/y8b4un/for_2nd_sem/",
    "score": 3,
    "created_utc": 1666206041,
    "flair": "Ask a Senior :redditgold:",
    "nsfw": false,
    "type": "submission"
  },
  "comments": [
    {
      "id": "it10076",
      "body": "As Ariana Grande once said, in her infinite wisdom -- \"yuh\""
    },
    {
      "id": "itd24ou",
      "body": "damn,thanks"
    }
  ]
}