{
  "id": "ya0hhp",
  "title": "Drop vs PES ECE south campus",
  "content": "I need opinion of PES ecity ECE folks \nbrief about faculty exposure  and coding culture here \nAnd Placements",
  "metadata": {
    "author": "AloneRice6234",
    "url": "https://www.reddit.com/r/PESU/comments/ya0hhp/drop_vs_pes_ece_south_campus/",
    "permalink": "/r/PESU/comments/ya0hhp/drop_vs_pes_ece_south_campus/",
    "score": 3,
    "created_utc": 1666375915,
    "flair": "Discussion :snoo_shrug:",
    "nsfw": false,
    "type": "submission"
  },
  "comments": [
    {
      "id": "it8mrcy",
      "body": "Drop. Or can be fully dedicated and do ECE with coding side-by-side"
    },
    {
      "id": "ita8cj9",
      "body": "Will mastering cse concepts and getting into competitive coding and maintaining a good gpa put me on par with cse grads during internship and placements?"
    },
    {
      "id": "ita9zcd",
      "body": "And how confident are you in doing all that? Depending on this answer either go for a drop or continue in pes."
    },
    {
      "id": "itaed6u",
      "body": "I answered something similar in a thread in this subreddit about an ECE kid taking up CSE minors to be on par with CSE grads. You can check out that answer, it's pretty detailed. \n\nThe short answer is no, not completely."
    }
  ]
}