{
  "id": "yadn2c",
  "title": "Is there a Chess Club in PES EC Campus? (Asking coz I love chess and I may get admission here)",
  "content": "",
  "metadata": {
    "author": "SkywalkerPadawan512",
    "url": "https://www.reddit.com/r/PESU/comments/yadn2c/is_there_a_chess_club_in_pes_ec_campus_asking_coz/",
    "permalink": "/r/PESU/comments/yadn2c/is_there_a_chess_club_in_pes_ec_campus_asking_coz/",
    "score": 4,
    "created_utc": 1666411711,
    "flair": "Discussion :snoo_shrug:",
    "nsfw": false,
    "type": "submission"
  },
  "comments": [
    {
      "id": "itqdmxf",
      "body": "There will 100% be a Chess Club coming\n\nThe college is making a full blown out chess room in the new building"
    }
  ]
}